Workbook

Sheet 使用说明
A1: 途排智策｜数据分析样本 | B1: 途排智策｜数据分析样本 | C1: 途排智策｜数据分析样本 | D1: 途排智策｜数据分析样本 | E1: 途排智策｜数据分析样本 | F1: 途排智策｜数据分析样本 | G1: 途排智策｜数据分析样本 | H1: 途排智策｜数据分析样本
A2: 全量数据为脱敏模拟数据，用于方案论证、指标计算与功能演示。版本：2026-07-18 | B2: 全量数据为脱敏模拟数据，用于方案论证、指标计算与功能演示。版本：2026-07-18 | C2: 全量数据为脱敏模拟数据，用于方案论证、指标计算与功能演示。版本：2026-07-18 | D2: 全量数据为脱敏模拟数据，用于方案论证、指标计算与功能演示。版本：2026-07-18 | E2: 全量数据为脱敏模拟数据，用于方案论证、指标计算与功能演示。版本：2026-07-18 | F2: 全量数据为脱敏模拟数据，用于方案论证、指标计算与功能演示。版本：2026-07-18 | G2: 全量数据为脱敏模拟数据，用于方案论证、指标计算与功能演示。版本：2026-07-18 | H2: 全量数据为脱敏模拟数据，用于方案论证、指标计算与功能演示。版本：2026-07-18
A4: 模块 | B4: 作用 | C4: 可编辑输入 | D4: 自动计算输出 | E4: 实施说明
A5: 指标看板 | B5: 对比人工基线与优化方案 | C5: 场景参数、两版课表 | D5: 座位利用率、冲突、偏好、耗时 | E5: 目标列为影子试点验收阈值
A6: 主数据 | B6: 教师/班级/教室/时段 | C6: 匿名ID、容量、偏好、设备 | D6: 课表校验的查找依据 | E6: 正式试点执行字段完整性与引用一致性校验
A7: 课程需求 | B7: 同一批需求的公平对比底座 | C7: 班级、教师、课次、设备 | D7: 两版课表引用 | E7: 人工基线与优化方案采用相同需求集
A8: 课表 | B8: 展示硬约束校验 | C8: 时段ID、教室ID | D8: 冲突、容量、设备、偏好 | E8: 红色单元格代表需要处理的冲突
A9: 指标口径 | B9: 统一指标计算与验收规则 | C9: 试点目标与责任人 | D9: 达标判断 | E9: 企业试点采用统一业务口径并记录公式版本
A10: 参考来源 | B10: 保留外部证据链 | C10: URL与访问日期 | D10: 无 | E10: 来源表记录链接、发布日期与访问日期
A12: 本样本同时展示房间时段占用率与座位利用率。40%→65%的情景演示对应座位利用率，房间时段占用率同步列示；两项指标均保留明确公式与数据版本。 | B12: 本样本同时展示房间时段占用率与座位利用率。40%→65%的情景演示对应座位利用率，房间时段占用率同步列示；两项指标均保留明确公式与数据版本。 | C12: 本样本同时展示房间时段占用率与座位利用率。40%→65%的情景演示对应座位利用率，房间时段占用率同步列示；两项指标均保留明确公式与数据版本。 | D12: 本样本同时展示房间时段占用率与座位利用率。40%→65%的情景演示对应座位利用率，房间时段占用率同步列示；两项指标均保留明确公式与数据版本。 | E12: 本样本同时展示房间时段占用率与座位利用率。40%→65%的情景演示对应座位利用率，房间时段占用率同步列示；两项指标均保留明确公式与数据版本。 | F12: 本样本同时展示房间时段占用率与座位利用率。40%→65%的情景演示对应座位利用率，房间时段占用率同步列示；两项指标均保留明确公式与数据版本。 | G12: 本样本同时展示房间时段占用率与座位利用率。40%→65%的情景演示对应座位利用率，房间时段占用率同步列示；两项指标均保留明确公式与数据版本。 | H12: 本样本同时展示房间时段占用率与座位利用率。40%→65%的情景演示对应座位利用率，房间时段占用率同步列示；两项指标均保留明确公式与数据版本。
A13: 本样本同时展示房间时段占用率与座位利用率。40%→65%的情景演示对应座位利用率，房间时段占用率同步列示；两项指标均保留明确公式与数据版本。 | B13: 本样本同时展示房间时段占用率与座位利用率。40%→65%的情景演示对应座位利用率，房间时段占用率同步列示；两项指标均保留明确公式与数据版本。 | C13: 本样本同时展示房间时段占用率与座位利用率。40%→65%的情景演示对应座位利用率，房间时段占用率同步列示；两项指标均保留明确公式与数据版本。 | D13: 本样本同时展示房间时段占用率与座位利用率。40%→65%的情景演示对应座位利用率，房间时段占用率同步列示；两项指标均保留明确公式与数据版本。 | E13: 本样本同时展示房间时段占用率与座位利用率。40%→65%的情景演示对应座位利用率，房间时段占用率同步列示；两项指标均保留明确公式与数据版本。 | F13: 本样本同时展示房间时段占用率与座位利用率。40%→65%的情景演示对应座位利用率，房间时段占用率同步列示；两项指标均保留明确公式与数据版本。 | G13: 本样本同时展示房间时段占用率与座位利用率。40%→65%的情景演示对应座位利用率，房间时段占用率同步列示；两项指标均保留明确公式与数据版本。 | H13: 本样本同时展示房间时段占用率与座位利用率。40%→65%的情景演示对应座位利用率，房间时段占用率同步列示；两项指标均保留明确公式与数据版本。
A14: 本样本同时展示房间时段占用率与座位利用率。40%→65%的情景演示对应座位利用率，房间时段占用率同步列示；两项指标均保留明确公式与数据版本。 | B14: 本样本同时展示房间时段占用率与座位利用率。40%→65%的情景演示对应座位利用率，房间时段占用率同步列示；两项指标均保留明确公式与数据版本。 | C14: 本样本同时展示房间时段占用率与座位利用率。40%→65%的情景演示对应座位利用率，房间时段占用率同步列示；两项指标均保留明确公式与数据版本。 | D14: 本样本同时展示房间时段占用率与座位利用率。40%→65%的情景演示对应座位利用率，房间时段占用率同步列示；两项指标均保留明确公式与数据版本。 | E14: 本样本同时展示房间时段占用率与座位利用率。40%→65%的情景演示对应座位利用率，房间时段占用率同步列示；两项指标均保留明确公式与数据版本。 | F14: 本样本同时展示房间时段占用率与座位利用率。40%→65%的情景演示对应座位利用率，房间时段占用率同步列示；两项指标均保留明确公式与数据版本。 | G14: 本样本同时展示房间时段占用率与座位利用率。40%→65%的情景演示对应座位利用率，房间时段占用率同步列示；两项指标均保留明确公式与数据版本。 | H14: 本样本同时展示房间时段占用率与座位利用率。40%→65%的情景演示对应座位利用率，房间时段占用率同步列示；两项指标均保留明确公式与数据版本。

Sheet 指标看板
A1: 途排智策｜模拟效果看板 | B1: 途排智策｜模拟效果看板 | C1: 途排智策｜模拟效果看板 | D1: 途排智策｜模拟效果看板 | E1: 途排智策｜模拟效果看板 | F1: 途排智策｜模拟效果看板 | G1: 途排智策｜模拟效果看板
A2: 对比使用同一批课程需求；绿色不代表真实业务成果，只说明该模拟样本满足设定规则。 | B2: 对比使用同一批课程需求；绿色不代表真实业务成果，只说明该模拟样本满足设定规则。 | C2: 对比使用同一批课程需求；绿色不代表真实业务成果，只说明该模拟样本满足设定规则。 | D2: 对比使用同一批课程需求；绿色不代表真实业务成果，只说明该模拟样本满足设定规则。 | E2: 对比使用同一批课程需求；绿色不代表真实业务成果，只说明该模拟样本满足设定规则。 | F2: 对比使用同一批课程需求；绿色不代表真实业务成果，只说明该模拟样本满足设定规则。 | G2: 对比使用同一批课程需求；绿色不代表真实业务成果，只说明该模拟样本满足设定规则。
A4: 指标 | B4: 人工基线 | C4: 优化方案 | D4: 变化 | E4: 目标 | F4: 状态 | G4: 口径提示
A5: 座位利用率 | B5: =SUM(人工基线课表!$G$5:$G$28)/SUM(人工基线课表!$H$5:$H$28) -> 0.4047619 | C5: =SUM(优化课表!$G$5:$G$28)/SUM(优化课表!$H$5:$H$28) -> 0.65384615 | D5: =C5-B5 -> 0.24908425 | E5: 0.65 | F5: =IF(C5>=E5,"达标","未达标") -> 达标 | G5: 学生人次/已分配教室座位数
A6: 房间时段占用率 | B6: =SUM(人工基线课表!$T$5:$T$28)/场景参数!$C$7 -> 0.36666667 | C6: =SUM(优化课表!$T$5:$T$28)/场景参数!$D$7 -> 0.4 | D6: =C6-B6 -> 0.033333333 | E6: 0.4 | F6: =IF(C6>=E6,"达标","未达标") -> 达标 | G6: 唯一教室-时段组合数/60个可用房间时段
A7: 硬冲突记录数 | B7: =SUM(人工基线课表!$R$5:$R$28) -> 4 | C7: =SUM(优化课表!$R$5:$R$28) -> 0 | D7: =C7-B7 -> -4 | E7: 0 | F7: =IF(C7=E7,"达标","未达标") -> 达标 | G7: 每条违规课表记录计1次
A8: 偏好满足率 | B8: =AVERAGE(人工基线课表!$S$5:$S$28) -> 0.83333333 | C8: =AVERAGE(优化课表!$S$5:$S$28) -> 0.91666667 | D8: =C8-B8 -> 0.083333333 | E8: 0.85 | F8: =IF(C8>=E8,"达标","未达标") -> 达标 | G8: 满足已确认偏好的场次占比
A9: 首次排课耗时(分钟) | B9: =场景参数!$C$5 -> 240 | C9: =场景参数!$D$5 -> 12 | D9: =C9-B9 -> -228 | E9: 15 | F9: =IF(C9<=E9,"达标","未达标") -> 达标 | G9: 情景仿真参数；试点阶段由系统日志记录
A10: 调课建议耗时(分钟) | B10: =场景参数!$C$6 -> 45 | C10: =场景参数!$D$6 -> 4 | D10: =C10-B10 -> -41 | E10: 5 | F10: =IF(C10<=E10,"达标","未达标") -> 达标 | G10: 情景仿真参数；试点阶段由事件日志记录
A11: 教务人工操作量(次) | B11: =场景参数!$C$8 -> 50 | C11: =场景参数!$D$8 -> 18 | D11: =C11-B11 -> -32 | E11: 20 | F11: =IF(C11<=E11,"达标","未达标") -> 达标 | G11: 模拟流程操作计数
A12: 课表版本留痕率 | B12: =场景参数!$C$9 -> 0.25 | C12: =场景参数!$D$9 -> 1 | D12: =C12-B12 -> 0.75 | E12: 1 | F12: =IF(C12>=E12,"达标","未达标") -> 达标 | G12: 完整保存规则/数据/参数/结果
A15: 模拟样本结论：在相同24个课程需求下，人工基线因两组教室时段重复占用，唯一房间时段占用率为36.67%；优化方案消除重复占用后达到40.00%。通过匹配适宜房型，座位利用率由40.48%提升至65.38%，示例硬冲突记录由4条降为0条。以上为脱敏模拟数据计算结果。 | B15: 模拟样本结论：在相同24个课程需求下，人工基线因两组教室时段重复占用，唯一房间时段占用率为36.67%；优化方案消除重复占用后达到40.00%。通过匹配适宜房型，座位利用率由40.48%提升至65.38%，示例硬冲突记录由4条降为0条。以上为脱敏模拟数据计算结果。 | C15: 模拟样本结论：在相同24个课程需求下，人工基线因两组教室时段重复占用，唯一房间时段占用率为36.67%；优化方案消除重复占用后达到40.00%。通过匹配适宜房型，座位利用率由40.48%提升至65.38%，示例硬冲突记录由4条降为0条。以上为脱敏模拟数据计算结果。 | D15: 模拟样本结论：在相同24个课程需求下，人工基线因两组教室时段重复占用，唯一房间时段占用率为36.67%；优化方案消除重复占用后达到40.00%。通过匹配适宜房型，座位利用率由40.48%提升至65.38%，示例硬冲突记录由4条降为0条。以上为脱敏模拟数据计算结果。 | E15: 模拟样本结论：在相同24个课程需求下，人工基线因两组教室时段重复占用，唯一房间时段占用率为36.67%；优化方案消除重复占用后达到40.00%。通过匹配适宜房型，座位利用率由40.48%提升至65.38%，示例硬冲突记录由4条降为0条。以上为脱敏模拟数据计算结果。 | F15: 模拟样本结论：在相同24个课程需求下，人工基线因两组教室时段重复占用，唯一房间时段占用率为36.67%；优化方案消除重复占用后达到40.00%。通过匹配适宜房型，座位利用率由40.48%提升至65.38%，示例硬冲突记录由4条降为0条。以上为脱敏模拟数据计算结果。 | G15: 模拟样本结论：在相同24个课程需求下，人工基线因两组教室时段重复占用，唯一房间时段占用率为36.67%；优化方案消除重复占用后达到40.00%。通过匹配适宜房型，座位利用率由40.48%提升至65.38%，示例硬冲突记录由4条降为0条。以上为脱敏模拟数据计算结果。
A16: 模拟样本结论：在相同24个课程需求下，人工基线因两组教室时段重复占用，唯一房间时段占用率为36.67%；优化方案消除重复占用后达到40.00%。通过匹配适宜房型，座位利用率由40.48%提升至65.38%，示例硬冲突记录由4条降为0条。以上为脱敏模拟数据计算结果。 | B16: 模拟样本结论：在相同24个课程需求下，人工基线因两组教室时段重复占用，唯一房间时段占用率为36.67%；优化方案消除重复占用后达到40.00%。通过匹配适宜房型，座位利用率由40.48%提升至65.38%，示例硬冲突记录由4条降为0条。以上为脱敏模拟数据计算结果。 | C16: 模拟样本结论：在相同24个课程需求下，人工基线因两组教室时段重复占用，唯一房间时段占用率为36.67%；优化方案消除重复占用后达到40.00%。通过匹配适宜房型，座位利用率由40.48%提升至65.38%，示例硬冲突记录由4条降为0条。以上为脱敏模拟数据计算结果。 | D16: 模拟样本结论：在相同24个课程需求下，人工基线因两组教室时段重复占用，唯一房间时段占用率为36.67%；优化方案消除重复占用后达到40.00%。通过匹配适宜房型，座位利用率由40.48%提升至65.38%，示例硬冲突记录由4条降为0条。以上为脱敏模拟数据计算结果。 | E16: 模拟样本结论：在相同24个课程需求下，人工基线因两组教室时段重复占用，唯一房间时段占用率为36.67%；优化方案消除重复占用后达到40.00%。通过匹配适宜房型，座位利用率由40.48%提升至65.38%，示例硬冲突记录由4条降为0条。以上为脱敏模拟数据计算结果。 | F16: 模拟样本结论：在相同24个课程需求下，人工基线因两组教室时段重复占用，唯一房间时段占用率为36.67%；优化方案消除重复占用后达到40.00%。通过匹配适宜房型，座位利用率由40.48%提升至65.38%，示例硬冲突记录由4条降为0条。以上为脱敏模拟数据计算结果。 | G16: 模拟样本结论：在相同24个课程需求下，人工基线因两组教室时段重复占用，唯一房间时段占用率为36.67%；优化方案消除重复占用后达到40.00%。通过匹配适宜房型，座位利用率由40.48%提升至65.38%，示例硬冲突记录由4条降为0条。以上为脱敏模拟数据计算结果。
A17: 模拟样本结论：在相同24个课程需求下，人工基线因两组教室时段重复占用，唯一房间时段占用率为36.67%；优化方案消除重复占用后达到40.00%。通过匹配适宜房型，座位利用率由40.48%提升至65.38%，示例硬冲突记录由4条降为0条。以上为脱敏模拟数据计算结果。 | B17: 模拟样本结论：在相同24个课程需求下，人工基线因两组教室时段重复占用，唯一房间时段占用率为36.67%；优化方案消除重复占用后达到40.00%。通过匹配适宜房型，座位利用率由40.48%提升至65.38%，示例硬冲突记录由4条降为0条。以上为脱敏模拟数据计算结果。 | C17: 模拟样本结论：在相同24个课程需求下，人工基线因两组教室时段重复占用，唯一房间时段占用率为36.67%；优化方案消除重复占用后达到40.00%。通过匹配适宜房型，座位利用率由40.48%提升至65.38%，示例硬冲突记录由4条降为0条。以上为脱敏模拟数据计算结果。 | D17: 模拟样本结论：在相同24个课程需求下，人工基线因两组教室时段重复占用，唯一房间时段占用率为36.67%；优化方案消除重复占用后达到40.00%。通过匹配适宜房型，座位利用率由40.48%提升至65.38%，示例硬冲突记录由4条降为0条。以上为脱敏模拟数据计算结果。 | E17: 模拟样本结论：在相同24个课程需求下，人工基线因两组教室时段重复占用，唯一房间时段占用率为36.67%；优化方案消除重复占用后达到40.00%。通过匹配适宜房型，座位利用率由40.48%提升至65.38%，示例硬冲突记录由4条降为0条。以上为脱敏模拟数据计算结果。 | F17: 模拟样本结论：在相同24个课程需求下，人工基线因两组教室时段重复占用，唯一房间时段占用率为36.67%；优化方案消除重复占用后达到40.00%。通过匹配适宜房型，座位利用率由40.48%提升至65.38%，示例硬冲突记录由4条降为0条。以上为脱敏模拟数据计算结果。 | G17: 模拟样本结论：在相同24个课程需求下，人工基线因两组教室时段重复占用，唯一房间时段占用率为36.67%；优化方案消除重复占用后达到40.00%。通过匹配适宜房型，座位利用率由40.48%提升至65.38%，示例硬冲突记录由4条降为0条。以上为脱敏模拟数据计算结果。
I40: 比例指标 | J40: 人工基线 | K40: 优化方案 | M40: 耗时指标 | N40: 人工基线 | O40: 优化方案
I41: 座位利用率 | J41: =B5 -> 0.4047619 | K41: =C5 -> 0.65384615 | M41: 首次排课 | N41: =B9 -> 240 | O41: =C9 -> 12
I42: 偏好满足率 | J42: =B8 -> 0.83333333 | K42: =C8 -> 0.91666667 | M42: 调课建议 | N42: =B10 -> 45 | O42: =C10 -> 4

Sheet 场景参数
A1: 情景仿真参数 | B1: 情景仿真参数 | C1: 情景仿真参数 | D1: 情景仿真参数 | E1: 情景仿真参数 | F1: 情景仿真参数
A2: 黄色单元格为可编辑情景参数；试点阶段由系统日志与事件日志自动记录实际值。 | B2: 黄色单元格为可编辑情景参数；试点阶段由系统日志与事件日志自动记录实际值。 | C2: 黄色单元格为可编辑情景参数；试点阶段由系统日志与事件日志自动记录实际值。 | D2: 黄色单元格为可编辑情景参数；试点阶段由系统日志与事件日志自动记录实际值。 | E2: 黄色单元格为可编辑情景参数；试点阶段由系统日志与事件日志自动记录实际值。 | F2: 黄色单元格为可编辑情景参数；试点阶段由系统日志与事件日志自动记录实际值。
A4: 参数ID | B4: 参数名称 | C4: 人工基线 | D4: 优化方案 | E4: 单位 | F4: 参数属性
A5: P01 | B5: 首次排课耗时 | C5: 240 | D5: 12 | E5: 分钟 | F5: 情景仿真
A6: P02 | B6: 调课建议耗时 | C6: 45 | D6: 4 | E6: 分钟 | F6: 情景仿真
A7: P03 | B7: 可用房间时段 | C7: 60 | D7: 60 | E7: 房间×时段 | F7: 模拟场景
A8: P04 | B8: 教务人工操作量 | C8: 50 | D8: 18 | E8: 次 | F8: 情景仿真
A9: P05 | B9: 课表版本留痕率 | C9: 0.25 | D9: 1 | E9: % | F9: 试点验收目标

Sheet 教师
A1: 教师主数据（匿名模拟） | B1: 教师主数据（匿名模拟） | C1: 教师主数据（匿名模拟） | D1: 教师主数据（匿名模拟） | E1: 教师主数据（匿名模拟） | F1: 教师主数据（匿名模拟） | G1: 教师主数据（匿名模拟）
A2: 偏好时段使用“|”分隔；实际业务数据采用最小必要字段与角色授权。 | B2: 偏好时段使用“|”分隔；实际业务数据采用最小必要字段与角色授权。 | C2: 偏好时段使用“|”分隔；实际业务数据采用最小必要字段与角色授权。 | D2: 偏好时段使用“|”分隔；实际业务数据采用最小必要字段与角色授权。 | E2: 偏好时段使用“|”分隔；实际业务数据采用最小必要字段与角色授权。 | F2: 偏好时段使用“|”分隔；实际业务数据采用最小必要字段与角色授权。 | G2: 偏好时段使用“|”分隔；实际业务数据采用最小必要字段与角色授权。
A4: 教师ID | B4: 匿名名称 | C4: 学科 | D4: 周最大课时 | E4: 不可用时段 | F4: 偏好时段 | G4: 数据级别
A5: T01 | B5: 教师甲 | C5: 数学 | D5: 8 | E5: S02|S04 | F5: S03|S05|S07 | G5: 内部
A6: T02 | B6: 教师乙 | C6: 英语 | D6: 8 | E6: S02|S04 | F6: S01|S03|S06|S08 | G6: 内部
A7: T03 | B7: 教师丙 | C7: 物理 | D7: 8 | E7: S02|S04 | F7: S01|S05|S07 | G7: 内部
A8: T04 | B8: 教师丁 | C8: 化学 | D8: 8 | E8: S01|S03 | F8: S02|S04|S06|S08 | G8: 内部
A9: T05 | B9: 教师戊 | C9: 语文 | D9: 8 | E9: S01|S03 | F9: S02|S04|S05|S07 | G9: 内部
A10: T06 | B10: 教师己 | C10: 编程 | D10: 8 | E10: S01|S03 | F10: S02|S04|S06|S08 | G10: 内部

Sheet 班级
A1: 班级主数据（匿名模拟） | B1: 班级主数据（匿名模拟） | C1: 班级主数据（匿名模拟） | D1: 班级主数据（匿名模拟） | E1: 班级主数据（匿名模拟） | F1: 班级主数据（匿名模拟） | G1: 班级主数据（匿名模拟） | H1: 班级主数据（匿名模拟）
A2: 学生人数用于容量校验；不包含姓名、联系方式等非必要个人信息。 | B2: 学生人数用于容量校验；不包含姓名、联系方式等非必要个人信息。 | C2: 学生人数用于容量校验；不包含姓名、联系方式等非必要个人信息。 | D2: 学生人数用于容量校验；不包含姓名、联系方式等非必要个人信息。 | E2: 学生人数用于容量校验；不包含姓名、联系方式等非必要个人信息。 | F2: 学生人数用于容量校验；不包含姓名、联系方式等非必要个人信息。 | G2: 学生人数用于容量校验；不包含姓名、联系方式等非必要个人信息。 | H2: 学生人数用于容量校验；不包含姓名、联系方式等非必要个人信息。
A4: 班级ID | B4: 班级名称 | C4: 年级 | D4: 学科 | E4: 学生数 | F4: 优先级 | G4: 设备需求 | H4: 教师ID
A5: B01 | B5: 初一数学A | C5: 初一 | D5: 数学 | E5: 18 | F5: 常规 | G5: 投影 | H5: T01
A6: B02 | B6: 初一英语A | C6: 初一 | D6: 英语 | E6: 22 | F6: 常规 | G6: 投影 | H6: T02
A7: B03 | B7: 初二物理A | C7: 初二 | D7: 物理 | E7: 28 | F7: 常规 | G7: 投影 | H7: T03
A8: B04 | B8: 初三化学A | C8: 初三 | D8: 化学 | E8: 32 | F8: 冲刺 | G8: 投影 | H8: T04
A9: B05 | B9: 初三语文A | C9: 初三 | D9: 语文 | E9: 40 | F9: 冲刺 | G9: 投影 | H9: T05
A10: B06 | B10: 高中编程A | C10: 高一 | D10: 编程 | E10: 48 | F10: 重点 | G10: 电脑 | H10: T06
A11: B07 | B11: 初一数学B | C11: 初一 | D11: 数学 | E11: 20 | F11: 常规 | G11: 投影 | H11: T01
A12: B08 | B12: 初一英语B | C12: 初一 | D12: 英语 | E12: 26 | F12: 常规 | G12: 投影 | H12: T02
A13: B09 | B13: 初二物理B | C13: 初二 | D13: 物理 | E13: 36 | F13: 重点 | G13: 投影 | H13: T03
A14: B10 | B14: 初三化学B | C14: 初三 | D14: 化学 | E14: 16 | F14: 冲刺 | G14: 投影 | H14: T04
A15: B11 | B15: 初三语文B | C15: 初三 | D15: 语文 | E15: 24 | F15: 常规 | G15: 投影 | H15: T05
A16: B12 | B16: 高中编程B | C16: 高一 | D16: 编程 | E16: 30 | F16: 重点 | G16: 电脑 | H16: T06

Sheet 教室
A1: 教室主数据（模拟） | B1: 教室主数据（模拟） | C1: 教室主数据（模拟） | D1: 教室主数据（模拟） | E1: 教室主数据（模拟） | F1: 教室主数据（模拟）
A2: R01-R03为紧凑房型，R04-R06为大房型；用于展示房型匹配对座位利用率的影响。 | B2: R01-R03为紧凑房型，R04-R06为大房型；用于展示房型匹配对座位利用率的影响。 | C2: R01-R03为紧凑房型，R04-R06为大房型；用于展示房型匹配对座位利用率的影响。 | D2: R01-R03为紧凑房型，R04-R06为大房型；用于展示房型匹配对座位利用率的影响。 | E2: R01-R03为紧凑房型，R04-R06为大房型；用于展示房型匹配对座位利用率的影响。 | F2: R01-R03为紧凑房型，R04-R06为大房型；用于展示房型匹配对座位利用率的影响。
A4: 教室ID | B4: 教室名称 | C4: 容量 | D4: 设备 | E4: 可用时段 | F4: 校区
A5: R01 | B5: 小班教室1 | C5: 40 | D5: 投影 | E5: S01|S02|S03|S04|S05|S06|S07|S08|S09|S10 | F5: 示范校区
A6: R02 | B6: 小班教室2 | C6: 40 | D6: 投影 | E6: S01|S02|S03|S04|S05|S06|S07|S08|S09|S10 | F6: 示范校区
A7: R03 | B7: 机房 | C7: 50 | D7: 投影|电脑 | E7: S01|S02|S03|S04|S05|S06|S07|S08|S09|S10 | F7: 示范校区
A8: R04 | B8: 大班教室1 | C8: 70 | D8: 投影 | E8: S01|S02|S03|S04|S05|S06|S07|S08|S09|S10 | F8: 示范校区
A9: R05 | B9: 大班教室2 | C9: 70 | D9: 投影 | E9: S01|S02|S03|S04|S05|S06|S07|S08|S09|S10 | F9: 示范校区
A10: R06 | B10: 大班综合教室 | C10: 70 | D10: 投影|电脑 | E10: S01|S02|S03|S04|S05|S06|S07|S08|S09|S10 | F10: 示范校区

Sheet 时段
A1: 时段主数据（模拟） | B1: 时段主数据（模拟） | C1: 时段主数据（模拟） | D1: 时段主数据（模拟） | E1: 时段主数据（模拟） | F1: 时段主数据（模拟）
A2: 共5天×2时段；6间教室对应60个可用房间时段。 | B2: 共5天×2时段；6间教室对应60个可用房间时段。 | C2: 共5天×2时段；6间教室对应60个可用房间时段。 | D2: 共5天×2时段；6间教室对应60个可用房间时段。 | E2: 共5天×2时段；6间教室对应60个可用房间时段。 | F2: 共5天×2时段；6间教室对应60个可用房间时段。
A4: 时段ID | B4: 星期 | C4: 开始 | D4: 结束 | E4: 类型 | F4: 是否开放
A5: S01 | B5: 周一 | C5: 18:30 | D5: 20:00 | E5: 晚间1 | F5: 是
A6: S02 | B6: 周一 | C6: 20:10 | D6: 21:40 | E6: 晚间2 | F6: 是
A7: S03 | B7: 周二 | C7: 18:30 | D7: 20:00 | E7: 晚间1 | F7: 是
A8: S04 | B8: 周二 | C8: 20:10 | D8: 21:40 | E8: 晚间2 | F8: 是
A9: S05 | B9: 周三 | C9: 18:30 | D9: 20:00 | E9: 晚间1 | F9: 是
A10: S06 | B10: 周三 | C10: 20:10 | D10: 21:40 | E10: 晚间2 | F10: 是
A11: S07 | B11: 周四 | C11: 18:30 | D11: 20:00 | E11: 晚间1 | F11: 是
A12: S08 | B12: 周四 | C12: 20:10 | D12: 21:40 | E12: 晚间2 | F12: 是
A13: S09 | B13: 周五 | C13: 18:30 | D13: 20:00 | E13: 晚间1 | F13: 是
A14: S10 | B14: 周五 | C14: 20:10 | D14: 21:40 | E14: 晚间2 | F14: 是

Sheet 课程需求
A1: 课程需求集（模拟） | B1: 课程需求集（模拟） | C1: 课程需求集（模拟） | D1: 课程需求集（模拟） | E1: 课程需求集（模拟） | F1: 课程需求集（模拟） | G1: 课程需求集（模拟） | H1: 课程需求集（模拟）
A2: 24个场次、12个班级，每班2次；人工基线与优化方案引用同一需求集。 | B2: 24个场次、12个班级，每班2次；人工基线与优化方案引用同一需求集。 | C2: 24个场次、12个班级，每班2次；人工基线与优化方案引用同一需求集。 | D2: 24个场次、12个班级，每班2次；人工基线与优化方案引用同一需求集。 | E2: 24个场次、12个班级，每班2次；人工基线与优化方案引用同一需求集。 | F2: 24个场次、12个班级，每班2次；人工基线与优化方案引用同一需求集。 | G2: 24个场次、12个班级，每班2次；人工基线与优化方案引用同一需求集。 | H2: 24个场次、12个班级，每班2次；人工基线与优化方案引用同一需求集。
A4: 场次ID | B4: 班级ID | C4: 教师ID | D4: 学科 | E4: 学生数 | F4: 设备需求 | G4: 时长(分钟) | H4: 建议时段
A5: B01-1 | B5: B01 | C5: T01 | D5: 数学 | E5: 18 | F5: 投影 | G5: 90 | H5: S01
A6: B02-1 | B6: B02 | C6: T02 | D6: 英语 | E6: 22 | F6: 投影 | G6: 90 | H6: S01
A7: B03-1 | B7: B03 | C7: T03 | D7: 物理 | E7: 28 | F7: 投影 | G7: 90 | H7: S01
A8: B04-1 | B8: B04 | C8: T04 | D8: 化学 | E8: 32 | F8: 投影 | G8: 90 | H8: S02
A9: B05-1 | B9: B05 | C9: T05 | D9: 语文 | E9: 40 | F9: 投影 | G9: 90 | H9: S02
A10: B06-1 | B10: B06 | C10: T06 | D10: 编程 | E10: 48 | F10: 电脑 | G10: 90 | H10: S02
A11: B07-1 | B11: B07 | C11: T01 | D11: 数学 | E11: 20 | F11: 投影 | G11: 90 | H11: S03
A12: B08-1 | B12: B08 | C12: T02 | D12: 英语 | E12: 26 | F12: 投影 | G12: 90 | H12: S03
A13: B09-1 | B13: B09 | C13: T03 | D13: 物理 | E13: 36 | F13: 投影 | G13: 90 | H13: S03
A14: B10-1 | B14: B10 | C14: T04 | D14: 化学 | E14: 16 | F14: 投影 | G14: 90 | H14: S04
A15: B11-1 | B15: B11 | C15: T05 | D15: 语文 | E15: 24 | F15: 投影 | G15: 90 | H15: S04
A16: B12-1 | B16: B12 | C16: T06 | D16: 编程 | E16: 30 | F16: 电脑 | G16: 90 | H16: S04
... A28: B12-2 | B28: B12 | C28: T06 | D28: 编程 | E28: 30 | F28: 电脑 | G28: 90 | H28: S08

Sheet 规则样本
A1: 自然语言规则解析样本 | B1: 自然语言规则解析样本 | C1: 自然语言规则解析样本 | D1: 自然语言规则解析样本 | E1: 自然语言规则解析样本 | F1: 自然语言规则解析样本 | G1: 自然语言规则解析样本 | H1: 自然语言规则解析样本 | I1: 自然语言规则解析样本
A2: AI生成结构化候选规则，教务确认后进入正式求解。 | B2: AI生成结构化候选规则，教务确认后进入正式求解。 | C2: AI生成结构化候选规则，教务确认后进入正式求解。 | D2: AI生成结构化候选规则，教务确认后进入正式求解。 | E2: AI生成结构化候选规则，教务确认后进入正式求解。 | F2: AI生成结构化候选规则，教务确认后进入正式求解。 | G2: AI生成结构化候选规则，教务确认后进入正式求解。 | H2: AI生成结构化候选规则，教务确认后进入正式求解。 | I2: AI生成结构化候选规则，教务确认后进入正式求解。
A4: 规则ID | B4: 自然语言原文 | C4: 对象 | D4: 类型 | E4: 硬/软 | F4: 结构化表达 | G4: 权重 | H4: 确认状态 | I4: 控制机制
A5: RL01 | B5: 同一教师不能同时上两门课 | C5: 教师 | D5: 不重叠 | E5: 硬 | F5: AllDifferent(teacher, slot) | G5: 999 | H5: 已确认 | I5: 硬约束不可自动放宽
A6: RL02 | B6: 同一班级不能同时上两门课 | C6: 班级 | D6: 不重叠 | E6: 硬 | F6: AllDifferent(class, slot) | G6: 999 | H6: 已确认 | I6: 硬约束不可自动放宽
A7: RL03 | B7: 教室容量必须不小于班级人数 | C7: 教室 | D7: 容量 | E7: 硬 | F7: room.capacity >= class.size | G7: 999 | H7: 已确认 | I7: 人数变化需重新校验
A8: RL04 | B8: 编程课必须安排有电脑的教室 | C8: 课程 | D8: 设备 | E8: 硬 | F8: required_device in room.devices | G8: 999 | H8: 已确认 | I8: 设备状态需实时维护
A9: RL05 | B9: 教师不可用时段不得排课 | C9: 教师 | D9: 可用性 | E9: 硬 | F9: slot not in teacher.unavailable_slots | G9: 999 | H9: 已确认 | I9: 请假与临时停课事件触发重新校验
A10: RL06 | B10: 课程只能安排在教室可用时段 | C10: 教室 | D10: 可用性 | E10: 硬 | F10: slot in room.available_slots | G10: 999 | H10: 已确认 | I10: 检修与停用事件触发重新校验
A11: RL07 | B11: 教师尽量安排在偏好时段 | C11: 教师 | D11: 偏好 | E11: 软 | F11: maximize preferred_slot | G11: 30 | H11: 候选 | I11: 偏好权重由教务规则版本统一配置
A12: RL08 | B12: 调课时尽量少动其他班级 | C12: 全局 | D12: 稳定性 | E12: 软 | F12: minimize changed_sessions | G12: 50 | H12: 候选 | I12: 局部调课范围由事件影响图确定

Sheet 人工基线课表
A1: 人工基线课表（模拟） | B1: 人工基线课表（模拟） | C1: 人工基线课表（模拟） | D1: 人工基线课表（模拟） | E1: 人工基线课表（模拟） | F1: 人工基线课表（模拟） | G1: 人工基线课表（模拟） | H1: 人工基线课表（模拟） | I1: 人工基线课表（模拟） | J1: 人工基线课表（模拟） | K1: 人工基线课表（模拟） | L1: 人工基线课表（模拟） | M1: 人工基线课表（模拟） | N1: 人工基线课表（模拟） | O1: 人工基线课表（模拟） | P1: 人工基线课表（模拟） | Q1: 人工基线课表（模拟） | R1: 人工基线课表（模拟） | S1: 人工基线课表（模拟） | T1: 人工基线课表（模拟） | U1: 人工基线课表（模拟）
A2: 白色列为输入或引用，灰/蓝色列为公式校验；所有数据均为模拟。红色代表硬约束冲突。 | B2: 白色列为输入或引用，灰/蓝色列为公式校验；所有数据均为模拟。红色代表硬约束冲突。 | C2: 白色列为输入或引用，灰/蓝色列为公式校验；所有数据均为模拟。红色代表硬约束冲突。 | D2: 白色列为输入或引用，灰/蓝色列为公式校验；所有数据均为模拟。红色代表硬约束冲突。 | E2: 白色列为输入或引用，灰/蓝色列为公式校验；所有数据均为模拟。红色代表硬约束冲突。 | F2: 白色列为输入或引用，灰/蓝色列为公式校验；所有数据均为模拟。红色代表硬约束冲突。 | G2: 白色列为输入或引用，灰/蓝色列为公式校验；所有数据均为模拟。红色代表硬约束冲突。 | H2: 白色列为输入或引用，灰/蓝色列为公式校验；所有数据均为模拟。红色代表硬约束冲突。 | I2: 白色列为输入或引用，灰/蓝色列为公式校验；所有数据均为模拟。红色代表硬约束冲突。 | J2: 白色列为输入或引用，灰/蓝色列为公式校验；所有数据均为模拟。红色代表硬约束冲突。 | K2: 白色列为输入或引用，灰/蓝色列为公式校验；所有数据均为模拟。红色代表硬约束冲突。 | L2: 白色列为输入或引用，灰/蓝色列为公式校验；所有数据均为模拟。红色代表硬约束冲突。 | M2: 白色列为输入或引用，灰/蓝色列为公式校验；所有数据均为模拟。红色代表硬约束冲突。 | N2: 白色列为输入或引用，灰/蓝色列为公式校验；所有数据均为模拟。红色代表硬约束冲突。 | O2: 白色列为输入或引用，灰/蓝色列为公式校验；所有数据均为模拟。红色代表硬约束冲突。 | P2: 白色列为输入或引用，灰/蓝色列为公式校验；所有数据均为模拟。红色代表硬约束冲突。 | Q2: 白色列为输入或引用，灰/蓝色列为公式校验；所有数据均为模拟。红色代表硬约束冲突。 | R2: 白色列为输入或引用，灰/蓝色列为公式校验；所有数据均为模拟。红色代表硬约束冲突。 | S2: 白色列为输入或引用，灰/蓝色列为公式校验；所有数据均为模拟。红色代表硬约束冲突。 | T2: 白色列为输入或引用，灰/蓝色列为公式校验；所有数据均为模拟。红色代表硬约束冲突。 | U2: 白色列为输入或引用，灰/蓝色列为公式校验；所有数据均为模拟。红色代表硬约束冲突。
A4: 版本 | B4: 场次ID | C4: 班级ID | D4: 教师ID | E4: 时段ID | F4: 教室ID | G4: 学生数 | H4: 教室容量 | I4: 设备要求 | J4: 教室设备 | K4: 教师冲突 | L4: 班级冲突 | M4: 教室冲突 | N4: 教师不可用 | O4: 教室不可用 | P4: 容量违规 | Q4: 设备违规 | R4: 硬冲突标记 | S4: 偏好满足 | T4: 房间时段首占 | U4: 说明
A5: 人工基线 | B5: B01-1 | C5: =VLOOKUP(B5,课程需求!$A$5:$H$28,2,FALSE) -> B01 | D5: =VLOOKUP(B5,课程需求!$A$5:$H$28,3,FALSE) -> T01 | E5: S01 | F5: R04 | G5: =VLOOKUP(B5,课程需求!$A$5:$H$28,5,FALSE) -> 18 | H5: =VLOOKUP(F5,教室!$A$5:$F$10,3,FALSE) -> 70 | I5: =VLOOKUP(B5,课程需求!$A$5:$H$28,6,FALSE) -> 投影 | J5: =VLOOKUP(F5,教室!$A$5:$F$10,4,FALSE) -> 投影 | K5: =IF(COUNTIFS($D$5:$D$28,D5,$E$5:$E$28,E5)>1,1,0) -> 1 | L5: =IF(COUNTIFS($C$5:$C$28,C5,$E$5:$E$28,E5)>1,1,0) -> 0 | M5: =IF(COUNTIFS($F$5:$F$28,F5,$E$5:$E$28,E5)>1,1,0) -> 1 | N5: =IF(ISNUMBER(SEARCH("|"&E5&"|","|"&VLOOKUP(D5,教师!$A$5:$G$10,5,FALSE)&"|")),1,0) -> 0 | O5: =IF(ISNUMBER(SEARCH("|"&E5&"|","|"&VLOOKUP(F5,教室!$A$5:$F$10,5,FALSE)&"|")),0,1) -> 0 | P5: =IF(G5>H5,1,0) -> 0 | Q5: =IF(ISNUMBER(SEARCH(I5,J5)),0,1) -> 0 | R5: =IF(SUM(K5:Q5)>0,1,0) -> 1 | S5: =IF(ISNUMBER(SEARCH("|"&E5&"|","|"&VLOOKUP(D5,教师!$A$5:$G$10,6,FALSE)&"|")),1,0) -> 0 | T5: =IF(COUNTIFS($E$5:E5,E5,$F$5:F5,F5)=1,1,0) -> 1 | U5: 模拟人工排程
A6: 人工基线 | B6: B02-1 | C6: =VLOOKUP(B6,课程需求!$A$5:$H$28,2,FALSE) -> B02 | D6: =VLOOKUP(B6,课程需求!$A$5:$H$28,3,FALSE) -> T02 | E6: S01 | F6: R05 | G6: =VLOOKUP(B6,课程需求!$A$5:$H$28,5,FALSE) -> 22 | H6: =VLOOKUP(F6,教室!$A$5:$F$10,3,FALSE) -> 70 | I6: =VLOOKUP(B6,课程需求!$A$5:$H$28,6,FALSE) -> 投影 | J6: =VLOOKUP(F6,教室!$A$5:$F$10,4,FALSE) -> 投影 | K6: =IF(COUNTIFS($D$5:$D$28,D6,$E$5:$E$28,E6)>1,1,0) -> 0 | L6: =IF(COUNTIFS($C$5:$C$28,C6,$E$5:$E$28,E6)>1,1,0) -> 0 | M6: =IF(COUNTIFS($F$5:$F$28,F6,$E$5:$E$28,E6)>1,1,0) -> 0 | N6: =IF(ISNUMBER(SEARCH("|"&E6&"|","|"&VLOOKUP(D6,教师!$A$5:$G$10,5,FALSE)&"|")),1,0) -> 0 | O6: =IF(ISNUMBER(SEARCH("|"&E6&"|","|"&VLOOKUP(F6,教室!$A$5:$F$10,5,FALSE)&"|")),0,1) -> 0 | P6: =IF(G6>H6,1,0) -> 0 | Q6: =IF(ISNUMBER(SEARCH(I6,J6)),0,1) -> 0 | R6: =IF(SUM(K6:Q6)>0,1,0) -> 0 | S6: =IF(ISNUMBER(SEARCH("|"&E6&"|","|"&VLOOKUP(D6,教师!$A$5:$G$10,6,FALSE)&"|")),1,0) -> 1 | T6: =IF(COUNTIFS($E$5:E6,E6,$F$5:F6,F6)=1,1,0) -> 1 | U6: 模拟人工排程
A7: 人工基线 | B7: B03-1 | C7: =VLOOKUP(B7,课程需求!$A$5:$H$28,2,FALSE) -> B03 | D7: =VLOOKUP(B7,课程需求!$A$5:$H$28,3,FALSE) -> T03 | E7: S03 | F7: R06 | G7: =VLOOKUP(B7,课程需求!$A$5:$H$28,5,FALSE) -> 28 | H7: =VLOOKUP(F7,教室!$A$5:$F$10,3,FALSE) -> 70 | I7: =VLOOKUP(B7,课程需求!$A$5:$H$28,6,FALSE) -> 投影 | J7: =VLOOKUP(F7,教室!$A$5:$F$10,4,FALSE) -> 投影|电脑 | K7: =IF(COUNTIFS($D$5:$D$28,D7,$E$5:$E$28,E7)>1,1,0) -> 1 | L7: =IF(COUNTIFS($C$5:$C$28,C7,$E$5:$E$28,E7)>1,1,0) -> 0 | M7: =IF(COUNTIFS($F$5:$F$28,F7,$E$5:$E$28,E7)>1,1,0) -> 1 | N7: =IF(ISNUMBER(SEARCH("|"&E7&"|","|"&VLOOKUP(D7,教师!$A$5:$G$10,5,FALSE)&"|")),1,0) -> 0 | O7: =IF(ISNUMBER(SEARCH("|"&E7&"|","|"&VLOOKUP(F7,教室!$A$5:$F$10,5,FALSE)&"|")),0,1) -> 0 | P7: =IF(G7>H7,1,0) -> 0 | Q7: =IF(ISNUMBER(SEARCH(I7,J7)),0,1) -> 0 | R7: =IF(SUM(K7:Q7)>0,1,0) -> 1 | S7: =IF(ISNUMBER(SEARCH("|"&E7&"|","|"&VLOOKUP(D7,教师!$A$5:$G$10,6,FALSE)&"|")),1,0) -> 0 | T7: =IF(COUNTIFS($E$5:E7,E7,$F$5:F7,F7)=1,1,0) -> 1 | U7: 模拟人工排程
A8: 人工基线 | B8: B04-1 | C8: =VLOOKUP(B8,课程需求!$A$5:$H$28,2,FALSE) -> B04 | D8: =VLOOKUP(B8,课程需求!$A$5:$H$28,3,FALSE) -> T04 | E8: S02 | F8: R04 | G8: =VLOOKUP(B8,课程需求!$A$5:$H$28,5,FALSE) -> 32 | H8: =VLOOKUP(F8,教室!$A$5:$F$10,3,FALSE) -> 70 | I8: =VLOOKUP(B8,课程需求!$A$5:$H$28,6,FALSE) -> 投影 | J8: =VLOOKUP(F8,教室!$A$5:$F$10,4,FALSE) -> 投影 | K8: =IF(COUNTIFS($D$5:$D$28,D8,$E$5:$E$28,E8)>1,1,0) -> 0 | L8: =IF(COUNTIFS($C$5:$C$28,C8,$E$5:$E$28,E8)>1,1,0) -> 0 | M8: =IF(COUNTIFS($F$5:$F$28,F8,$E$5:$E$28,E8)>1,1,0) -> 0 | N8: =IF(ISNUMBER(SEARCH("|"&E8&"|","|"&VLOOKUP(D8,教师!$A$5:$G$10,5,FALSE)&"|")),1,0) -> 0 | O8: =IF(ISNUMBER(SEARCH("|"&E8&"|","|"&VLOOKUP(F8,教室!$A$5:$F$10,5,FALSE)&"|")),0,1) -> 0 | P8: =IF(G8>H8,1,0) -> 0 | Q8: =IF(ISNUMBER(SEARCH(I8,J8)),0,1) -> 0 | R8: =IF(SUM(K8:Q8)>0,1,0) -> 0 | S8: =IF(ISNUMBER(SEARCH("|"&E8&"|","|"&VLOOKUP(D8,教师!$A$5:$G$10,6,FALSE)&"|")),1,0) -> 1 | T8: =IF(COUNTIFS($E$5:E8,E8,$F$5:F8,F8)=1,1,0) -> 1 | U8: 模拟人工排程
A9: 人工基线 | B9: B05-1 | C9: =VLOOKUP(B9,课程需求!$A$5:$H$28,2,FALSE) -> B05 | D9: =VLOOKUP(B9,课程需求!$A$5:$H$28,3,FALSE) -> T05 | E9: S02 | F9: R05 | G9: =VLOOKUP(B9,课程需求!$A$5:$H$28,5,FALSE) -> 40 | H9: =VLOOKUP(F9,教室!$A$5:$F$10,3,FALSE) -> 70 | I9: =VLOOKUP(B9,课程需求!$A$5:$H$28,6,FALSE) -> 投影 | J9: =VLOOKUP(F9,教室!$A$5:$F$10,4,FALSE) -> 投影 | K9: =IF(COUNTIFS($D$5:$D$28,D9,$E$5:$E$28,E9)>1,1,0) -> 0 | L9: =IF(COUNTIFS($C$5:$C$28,C9,$E$5:$E$28,E9)>1,1,0) -> 0 | M9: =IF(COUNTIFS($F$5:$F$28,F9,$E$5:$E$28,E9)>1,1,0) -> 0 | N9: =IF(ISNUMBER(SEARCH("|"&E9&"|","|"&VLOOKUP(D9,教师!$A$5:$G$10,5,FALSE)&"|")),1,0) -> 0 | O9: =IF(ISNUMBER(SEARCH("|"&E9&"|","|"&VLOOKUP(F9,教室!$A$5:$F$10,5,FALSE)&"|")),0,1) -> 0 | P9: =IF(G9>H9,1,0) -> 0 | Q9: =IF(ISNUMBER(SEARCH(I9,J9)),0,1) -> 0 | R9: =IF(SUM(K9:Q9)>0,1,0) -> 0 | S9: =IF(ISNUMBER(SEARCH("|"&E9&"|","|"&VLOOKUP(D9,教师!$A$5:$G$10,6,FALSE)&"|")),1,0) -> 1 | T9: =IF(COUNTIFS($E$5:E9,E9,$F$5:F9,F9)=1,1,0) -> 1 | U9: 模拟人工排程
A10: 人工基线 | B10: B06-1 | C10: =VLOOKUP(B10,课程需求!$A$5:$H$28,2,FALSE) -> B06 | D10: =VLOOKUP(B10,课程需求!$A$5:$H$28,3,FALSE) -> T06 | E10: S02 | F10: R06 | G10: =VLOOKUP(B10,课程需求!$A$5:$H$28,5,FALSE) -> 48 | H10: =VLOOKUP(F10,教室!$A$5:$F$10,3,FALSE) -> 70 | I10: =VLOOKUP(B10,课程需求!$A$5:$H$28,6,FALSE) -> 电脑 | J10: =VLOOKUP(F10,教室!$A$5:$F$10,4,FALSE) -> 投影|电脑 | K10: =IF(COUNTIFS($D$5:$D$28,D10,$E$5:$E$28,E10)>1,1,0) -> 0 | L10: =IF(COUNTIFS($C$5:$C$28,C10,$E$5:$E$28,E10)>1,1,0) -> 0 | M10: =IF(COUNTIFS($F$5:$F$28,F10,$E$5:$E$28,E10)>1,1,0) -> 0 | N10: =IF(ISNUMBER(SEARCH("|"&E10&"|","|"&VLOOKUP(D10,教师!$A$5:$G$10,5,FALSE)&"|")),1,0) -> 0 | O10: =IF(ISNUMBER(SEARCH("|"&E10&"|","|"&VLOOKUP(F10,教室!$A$5:$F$10,5,FALSE)&"|")),0,1) -> 0 | P10: =IF(G10>H10,1,0) -> 0 | Q10: =IF(ISNUMBER(SEARCH(I10,J10)),0,1) -> 0 | R10: =IF(SUM(K10:Q10)>0,1,0) -> 0 | S10: =IF(ISNUMBER(SEARCH("|"&E10&"|","|"&VLOOKUP(D10,教师!$A$5:$G$10,6,FALSE)&"|")),1,0) -> 1 | T10: =IF(COUNTIFS($E$5:E10,E10,$F$5:F10,F10)=1,1,0) -> 1 | U10: 模拟人工排程
A11: 人工基线 | B11: B07-1 | C11: =VLOOKUP(B11,课程需求!$A$5:$H$28,2,FALSE) -> B07 | D11: =VLOOKUP(B11,课程需求!$A$5:$H$28,3,FALSE) -> T01 | E11: S01 | F11: R04 | G11: =VLOOKUP(B11,课程需求!$A$5:$H$28,5,FALSE) -> 20 | H11: =VLOOKUP(F11,教室!$A$5:$F$10,3,FALSE) -> 70 | I11: =VLOOKUP(B11,课程需求!$A$5:$H$28,6,FALSE) -> 投影 | J11: =VLOOKUP(F11,教室!$A$5:$F$10,4,FALSE) -> 投影 | K11: =IF(COUNTIFS($D$5:$D$28,D11,$E$5:$E$28,E11)>1,1,0) -> 1 | L11: =IF(COUNTIFS($C$5:$C$28,C11,$E$5:$E$28,E11)>1,1,0) -> 0 | M11: =IF(COUNTIFS($F$5:$F$28,F11,$E$5:$E$28,E11)>1,1,0) -> 1 | N11: =IF(ISNUMBER(SEARCH("|"&E11&"|","|"&VLOOKUP(D11,教师!$A$5:$G$10,5,FALSE)&"|")),1,0) -> 0 | O11: =IF(ISNUMBER(SEARCH("|"&E11&"|","|"&VLOOKUP(F11,教室!$A$5:$F$10,5,FALSE)&"|")),0,1) -> 0 | P11: =IF(G11>H11,1,0) -> 0 | Q11: =IF(ISNUMBER(SEARCH(I11,J11)),0,1) -> 0 | R11: =IF(SUM(K11:Q11)>0,1,0) -> 1 | S11: =IF(ISNUMBER(SEARCH("|"&E11&"|","|"&VLOOKUP(D11,教师!$A$5:$G$10,6,FALSE)&"|")),1,0) -> 0 | T11: =IF(COUNTIFS($E$5:E11,E11,$F$5:F11,F11)=1,1,0) -> 0 | U11: 模拟人工排程
A12: 人工基线 | B12: B08-1 | C12: =VLOOKUP(B12,课程需求!$A$5:$H$28,2,FALSE) -> B08 | D12: =VLOOKUP(B12,课程需求!$A$5:$H$28,3,FALSE) -> T02 | E12: S03 | F12: R05 | G12: =VLOOKUP(B12,课程需求!$A$5:$H$28,5,FALSE) -> 26 | H12: =VLOOKUP(F12,教室!$A$5:$F$10,3,FALSE) -> 70 | I12: =VLOOKUP(B12,课程需求!$A$5:$H$28,6,FALSE) -> 投影 | J12: =VLOOKUP(F12,教室!$A$5:$F$10,4,FALSE) -> 投影 | K12: =IF(COUNTIFS($D$5:$D$28,D12,$E$5:$E$28,E12)>1,1,0) -> 0 | L12: =IF(COUNTIFS($C$5:$C$28,C12,$E$5:$E$28,E12)>1,1,0) -> 0 | M12: =IF(COUNTIFS($F$5:$F$28,F12,$E$5:$E$28,E12)>1,1,0) -> 0 | N12: =IF(ISNUMBER(SEARCH("|"&E12&"|","|"&VLOOKUP(D12,教师!$A$5:$G$10,5,FALSE)&"|")),1,0) -> 0 | O12: =IF(ISNUMBER(SEARCH("|"&E12&"|","|"&VLOOKUP(F12,教室!$A$5:$F$10,5,FALSE)&"|")),0,1) -> 0 | P12: =IF(G12>H12,1,0) -> 0 | Q12: =IF(ISNUMBER(SEARCH(I12,J12)),0,1) -> 0 | R12: =IF(SUM(K12:Q12)>0,1,0) -> 0 | S12: =IF(ISNUMBER(SEARCH("|"&E12&"|","|"&VLOOKUP(D12,教师!$A$5:$G$10,6,FALSE)&"|")),1,0) -> 1 | T12: =IF(COUNTIFS($E$5:E12,E12,$F$5:F12,F12)=1,1,0) -> 1 | U12: 模拟人工排程
A13: 人工基线 | B13: B09-1 | C13: =VLOOKUP(B13,课程需求!$A$5:$H$28,2,FALSE) -> B09 | D13: =VLOOKUP(B13,课程需求!$A$5:$H$28,3,FALSE) -> T03 | E13: S03 | F13: R06 | G13: =VLOOKUP(B13,课程需求!$A$5:$H$28,5,FALSE) -> 36 | H13: =VLOOKUP(F13,教室!$A$5:$F$10,3,FALSE) -> 70 | I13: =VLOOKUP(B13,课程需求!$A$5:$H$28,6,FALSE) -> 投影 | J13: =VLOOKUP(F13,教室!$A$5:$F$10,4,FALSE) -> 投影|电脑 | K13: =IF(COUNTIFS($D$5:$D$28,D13,$E$5:$E$28,E13)>1,1,0) -> 1 | L13: =IF(COUNTIFS($C$5:$C$28,C13,$E$5:$E$28,E13)>1,1,0) -> 0 | M13: =IF(COUNTIFS($F$5:$F$28,F13,$E$5:$E$28,E13)>1,1,0) -> 1 | N13: =IF(ISNUMBER(SEARCH("|"&E13&"|","|"&VLOOKUP(D13,教师!$A$5:$G$10,5,FALSE)&"|")),1,0) -> 0 | O13: =IF(ISNUMBER(SEARCH("|"&E13&"|","|"&VLOOKUP(F13,教室!$A$5:$F$10,5,FALSE)&"|")),0,1) -> 0 | P13: =IF(G13>H13,1,0) -> 0 | Q13: =IF(ISNUMBER(SEARCH(I13,J13)),0,1) -> 0 | R13: =IF(SUM(K13:Q13)>0,1,0) -> 1 | S13: =IF(ISNUMBER(SEARCH("|"&E13&"|","|"&VLOOKUP(D13,教师!$A$5:$G$10,6,FALSE)&"|")),1,0) -> 0 | T13: =IF(COUNTIFS($E$5:E13,E13,$F$5:F13,F13)=1,1,0) -> 0 | U13: 模拟人工排程
A14: 人工基线 | B14: B10-1 | C14: =VLOOKUP(B14,课程需求!$A$5:$H$28,2,FALSE) -> B10 | D14: =VLOOKUP(B14,课程需求!$A$5:$H$28,3,FALSE) -> T04 | E14: S04 | F14: R04 | G14: =VLOOKUP(B14,课程需求!$A$5:$H$28,5,FALSE) -> 16 | H14: =VLOOKUP(F14,教室!$A$5:$F$10,3,FALSE) -> 70 | I14: =VLOOKUP(B14,课程需求!$A$5:$H$28,6,FALSE) -> 投影 | J14: =VLOOKUP(F14,教室!$A$5:$F$10,4,FALSE) -> 投影 | K14: =IF(COUNTIFS($D$5:$D$28,D14,$E$5:$E$28,E14)>1,1,0) -> 0 | L14: =IF(COUNTIFS($C$5:$C$28,C14,$E$5:$E$28,E14)>1,1,0) -> 0 | M14: =IF(COUNTIFS($F$5:$F$28,F14,$E$5:$E$28,E14)>1,1,0) -> 0 | N14: =IF(ISNUMBER(SEARCH("|"&E14&"|","|"&VLOOKUP(D14,教师!$A$5:$G$10,5,FALSE)&"|")),1,0) -> 0 | O14: =IF(ISNUMBER(SEARCH("|"&E14&"|","|"&VLOOKUP(F14,教室!$A$5:$F$10,5,FALSE)&"|")),0,1) -> 0 | P14: =IF(G14>H14,1,0) -> 0 | Q14: =IF(ISNUMBER(SEARCH(I14,J14)),0,1) -> 0 | R14: =IF(SUM(K14:Q14)>0,1,0) -> 0 | S14: =IF(ISNUMBER(SEARCH("|"&E14&"|","|"&VLOOKUP(D14,教师!$A$5:$G$10,6,FALSE)&"|")),1,0) -> 1 | T14: =IF(COUNTIFS($E$5:E14,E14,$F$5:F14,F14)=1,1,0) -> 1 | U14: 模拟人工排程
A15: 人工基线 | B15: B11-1 | C15: =VLOOKUP(B15,课程需求!$A$5:$H$28,2,FALSE) -> B11 | D15: =VLOOKUP(B15,课程需求!$A$5:$H$28,3,FALSE) -> T05 | E15: S04 | F15: R05 | G15: =VLOOKUP(B15,课程需求!$A$5:$H$28,5,FALSE) -> 24 | H15: =VLOOKUP(F15,教室!$A$5:$F$10,3,FALSE) -> 70 | I15: =VLOOKUP(B15,课程需求!$A$5:$H$28,6,FALSE) -> 投影 | J15: =VLOOKUP(F15,教室!$A$5:$F$10,4,FALSE) -> 投影 | K15: =IF(COUNTIFS($D$5:$D$28,D15,$E$5:$E$28,E15)>1,1,0) -> 0 | L15: =IF(COUNTIFS($C$5:$C$28,C15,$E$5:$E$28,E15)>1,1,0) -> 0 | M15: =IF(COUNTIFS($F$5:$F$28,F15,$E$5:$E$28,E15)>1,1,0) -> 0 | N15: =IF(ISNUMBER(SEARCH("|"&E15&"|","|"&VLOOKUP(D15,教师!$A$5:$G$10,5,FALSE)&"|")),1,0) -> 0 | O15: =IF(ISNUMBER(SEARCH("|"&E15&"|","|"&VLOOKUP(F15,教室!$A$5:$F$10,5,FALSE)&"|")),0,1) -> 0 | P15: =IF(G15>H15,1,0) -> 0 | Q15: =IF(ISNUMBER(SEARCH(I15,J15)),0,1) -> 0 | R15: =IF(SUM(K15:Q15)>0,1,0) -> 0 | S15: =IF(ISNUMBER(SEARCH("|"&E15&"|","|"&VLOOKUP(D15,教师!$A$5:$G$10,6,FALSE)&"|")),1,0) -> 1 | T15: =IF(COUNTIFS($E$5:E15,E15,$F$5:F15,F15)=1,1,0) -> 1 | U15: 模拟人工排程
A16: 人工基线 | B16: B12-1 | C16: =VLOOKUP(B16,课程需求!$A$5:$H$28,2,FALSE) -> B12 | D16: =VLOOKUP(B16,课程需求!$A$5:$H$28,3,FALSE) -> T06 | E16: S04 | F16: R06 | G16: =VLOOKUP(B16,课程需求!$A$5:$H$28,5,FALSE) -> 30 | H16: =VLOOKUP(F16,教室!$A$5:$F$10,3,FALSE) -> 70 | I16: =VLOOKUP(B16,课程需求!$A$5:$H$28,6,FALSE) -> 电脑 | J16: =VLOOKUP(F16,教室!$A$5:$F$10,4,FALSE) -> 投影|电脑 | K16: =IF(COUNTIFS($D$5:$D$28,D16,$E$5:$E$28,E16)>1,1,0) -> 0 | L16: =IF(COUNTIFS($C$5:$C$28,C16,$E$5:$E$28,E16)>1,1,0) -> 0 | M16: =IF(COUNTIFS($F$5:$F$28,F16,$E$5:$E$28,E16)>1,1,0) -> 0 | N16: =IF(ISNUMBER(SEARCH("|"&E16&"|","|"&VLOOKUP(D16,教师!$A$5:$G$10,5,FALSE)&"|")),1,0) -> 0 | O16: =IF(ISNUMBER(SEARCH("|"&E16&"|","|"&VLOOKUP(F16,教室!$A$5:$F$10,5,FALSE)&"|")),0,1) -> 0 | P16: =IF(G16>H16,1,0) -> 0 | Q16: =IF(ISNUMBER(SEARCH(I16,J16)),0,1) -> 0 | R16: =IF(SUM(K16:Q16)>0,1,0) -> 0 | S16: =IF(ISNUMBER(SEARCH("|"&E16&"|","|"&VLOOKUP(D16,教师!$A$5:$G$10,6,FALSE)&"|")),1,0) -> 1 | T16: =IF(COUNTIFS($E$5:E16,E16,$F$5:F16,F16)=1,1,0) -> 1 | U16: 模拟人工排程
... A28: 人工基线 | B28: B12-2 | C28: =VLOOKUP(B28,课程需求!$A$5:$H$28,2,FALSE) -> B12 | D28: =VLOOKUP(B28,课程需求!$A$5:$H$28,3,FALSE) -> T06 | E28: S08 | F28: R06 | G28: =VLOOKUP(B28,课程需求!$A$5:$H$28,5,FALSE) -> 30 | H28: =VLOOKUP(F28,教室!$A$5:$F$10,3,FALSE) -> 70 | I28: =VLOOKUP(B28,课程需求!$A$5:$H$28,6,FALSE) -> 电脑 | J28: =VLOOKUP(F28,教室!$A$5:$F$10,4,FALSE) -> 投影|电脑 | K28: =IF(COUNTIFS($D$5:$D$28,D28,$E$5:$E$28,E28)>1,1,0) -> 0 | L28: =IF(COUNTIFS($C$5:$C$28,C28,$E$5:$E$28,E28)>1,1,0) -> 0 | M28: =IF(COUNTIFS($F$5:$F$28,F28,$E$5:$E$28,E28)>1,1,0) -> 0 | N28: =IF(ISNUMBER(SEARCH("|"&E28&"|","|"&VLOOKUP(D28,教师!$A$5:$G$10,5,FALSE)&"|")),1,0) -> 0 | O28: =IF(ISNUMBER(SEARCH("|"&E28&"|","|"&VLOOKUP(F28,教室!$A$5:$F$10,5,FALSE)&"|")),0,1) -> 0 | P28: =IF(G28>H28,1,0) -> 0 | Q28: =IF(ISNUMBER(SEARCH(I28,J28)),0,1) -> 0 | R28: =IF(SUM(K28:Q28)>0,1,0) -> 0 | S28: =IF(ISNUMBER(SEARCH("|"&E28&"|","|"&VLOOKUP(D28,教师!$A$5:$G$10,6,FALSE)&"|")),1,0) -> 1 | T28: =IF(COUNTIFS($E$5:E28,E28,$F$5:F28,F28)=1,1,0) -> 1 | U28: 模拟人工排程

Sheet 优化课表
A1: 优化课表（模拟） | B1: 优化课表（模拟） | C1: 优化课表（模拟） | D1: 优化课表（模拟） | E1: 优化课表（模拟） | F1: 优化课表（模拟） | G1: 优化课表（模拟） | H1: 优化课表（模拟） | I1: 优化课表（模拟） | J1: 优化课表（模拟） | K1: 优化课表（模拟） | L1: 优化课表（模拟） | M1: 优化课表（模拟） | N1: 优化课表（模拟） | O1: 优化课表（模拟） | P1: 优化课表（模拟） | Q1: 优化课表（模拟） | R1: 优化课表（模拟） | S1: 优化课表（模拟） | T1: 优化课表（模拟） | U1: 优化课表（模拟）
A2: 白色列为输入或引用，灰/蓝色列为公式校验；所有数据均为模拟。红色代表硬约束冲突。 | B2: 白色列为输入或引用，灰/蓝色列为公式校验；所有数据均为模拟。红色代表硬约束冲突。 | C2: 白色列为输入或引用，灰/蓝色列为公式校验；所有数据均为模拟。红色代表硬约束冲突。 | D2: 白色列为输入或引用，灰/蓝色列为公式校验；所有数据均为模拟。红色代表硬约束冲突。 | E2: 白色列为输入或引用，灰/蓝色列为公式校验；所有数据均为模拟。红色代表硬约束冲突。 | F2: 白色列为输入或引用，灰/蓝色列为公式校验；所有数据均为模拟。红色代表硬约束冲突。 | G2: 白色列为输入或引用，灰/蓝色列为公式校验；所有数据均为模拟。红色代表硬约束冲突。 | H2: 白色列为输入或引用，灰/蓝色列为公式校验；所有数据均为模拟。红色代表硬约束冲突。 | I2: 白色列为输入或引用，灰/蓝色列为公式校验；所有数据均为模拟。红色代表硬约束冲突。 | J2: 白色列为输入或引用，灰/蓝色列为公式校验；所有数据均为模拟。红色代表硬约束冲突。 | K2: 白色列为输入或引用，灰/蓝色列为公式校验；所有数据均为模拟。红色代表硬约束冲突。 | L2: 白色列为输入或引用，灰/蓝色列为公式校验；所有数据均为模拟。红色代表硬约束冲突。 | M2: 白色列为输入或引用，灰/蓝色列为公式校验；所有数据均为模拟。红色代表硬约束冲突。 | N2: 白色列为输入或引用，灰/蓝色列为公式校验；所有数据均为模拟。红色代表硬约束冲突。 | O2: 白色列为输入或引用，灰/蓝色列为公式校验；所有数据均为模拟。红色代表硬约束冲突。 | P2: 白色列为输入或引用，灰/蓝色列为公式校验；所有数据均为模拟。红色代表硬约束冲突。 | Q2: 白色列为输入或引用，灰/蓝色列为公式校验；所有数据均为模拟。红色代表硬约束冲突。 | R2: 白色列为输入或引用，灰/蓝色列为公式校验；所有数据均为模拟。红色代表硬约束冲突。 | S2: 白色列为输入或引用，灰/蓝色列为公式校验；所有数据均为模拟。红色代表硬约束冲突。 | T2: 白色列为输入或引用，灰/蓝色列为公式校验；所有数据均为模拟。红色代表硬约束冲突。 | U2: 白色列为输入或引用，灰/蓝色列为公式校验；所有数据均为模拟。红色代表硬约束冲突。
A4: 版本 | B4: 场次ID | C4: 班级ID | D4: 教师ID | E4: 时段ID | F4: 教室ID | G4: 学生数 | H4: 教室容量 | I4: 设备要求 | J4: 教室设备 | K4: 教师冲突 | L4: 班级冲突 | M4: 教室冲突 | N4: 教师不可用 | O4: 教室不可用 | P4: 容量违规 | Q4: 设备违规 | R4: 硬冲突标记 | S4: 偏好满足 | T4: 房间时段首占 | U4: 说明
A5: 优化方案 | B5: B01-1 | C5: =VLOOKUP(B5,课程需求!$A$5:$H$28,2,FALSE) -> B01 | D5: =VLOOKUP(B5,课程需求!$A$5:$H$28,3,FALSE) -> T01 | E5: S01 | F5: R01 | G5: =VLOOKUP(B5,课程需求!$A$5:$H$28,5,FALSE) -> 18 | H5: =VLOOKUP(F5,教室!$A$5:$F$10,3,FALSE) -> 40 | I5: =VLOOKUP(B5,课程需求!$A$5:$H$28,6,FALSE) -> 投影 | J5: =VLOOKUP(F5,教室!$A$5:$F$10,4,FALSE) -> 投影 | K5: =IF(COUNTIFS($D$5:$D$28,D5,$E$5:$E$28,E5)>1,1,0) -> 0 | L5: =IF(COUNTIFS($C$5:$C$28,C5,$E$5:$E$28,E5)>1,1,0) -> 0 | M5: =IF(COUNTIFS($F$5:$F$28,F5,$E$5:$E$28,E5)>1,1,0) -> 0 | N5: =IF(ISNUMBER(SEARCH("|"&E5&"|","|"&VLOOKUP(D5,教师!$A$5:$G$10,5,FALSE)&"|")),1,0) -> 0 | O5: =IF(ISNUMBER(SEARCH("|"&E5&"|","|"&VLOOKUP(F5,教室!$A$5:$F$10,5,FALSE)&"|")),0,1) -> 0 | P5: =IF(G5>H5,1,0) -> 0 | Q5: =IF(ISNUMBER(SEARCH(I5,J5)),0,1) -> 0 | R5: =IF(SUM(K5:Q5)>0,1,0) -> 0 | S5: =IF(ISNUMBER(SEARCH("|"&E5&"|","|"&VLOOKUP(D5,教师!$A$5:$G$10,6,FALSE)&"|")),1,0) -> 0 | T5: =IF(COUNTIFS($E$5:E5,E5,$F$5:F5,F5)=1,1,0) -> 1 | U5: 模拟排程
A6: 优化方案 | B6: B02-1 | C6: =VLOOKUP(B6,课程需求!$A$5:$H$28,2,FALSE) -> B02 | D6: =VLOOKUP(B6,课程需求!$A$5:$H$28,3,FALSE) -> T02 | E6: S01 | F6: R02 | G6: =VLOOKUP(B6,课程需求!$A$5:$H$28,5,FALSE) -> 22 | H6: =VLOOKUP(F6,教室!$A$5:$F$10,3,FALSE) -> 40 | I6: =VLOOKUP(B6,课程需求!$A$5:$H$28,6,FALSE) -> 投影 | J6: =VLOOKUP(F6,教室!$A$5:$F$10,4,FALSE) -> 投影 | K6: =IF(COUNTIFS($D$5:$D$28,D6,$E$5:$E$28,E6)>1,1,0) -> 0 | L6: =IF(COUNTIFS($C$5:$C$28,C6,$E$5:$E$28,E6)>1,1,0) -> 0 | M6: =IF(COUNTIFS($F$5:$F$28,F6,$E$5:$E$28,E6)>1,1,0) -> 0 | N6: =IF(ISNUMBER(SEARCH("|"&E6&"|","|"&VLOOKUP(D6,教师!$A$5:$G$10,5,FALSE)&"|")),1,0) -> 0 | O6: =IF(ISNUMBER(SEARCH("|"&E6&"|","|"&VLOOKUP(F6,教室!$A$5:$F$10,5,FALSE)&"|")),0,1) -> 0 | P6: =IF(G6>H6,1,0) -> 0 | Q6: =IF(ISNUMBER(SEARCH(I6,J6)),0,1) -> 0 | R6: =IF(SUM(K6:Q6)>0,1,0) -> 0 | S6: =IF(ISNUMBER(SEARCH("|"&E6&"|","|"&VLOOKUP(D6,教师!$A$5:$G$10,6,FALSE)&"|")),1,0) -> 1 | T6: =IF(COUNTIFS($E$5:E6,E6,$F$5:F6,F6)=1,1,0) -> 1 | U6: 模拟排程
A7: 优化方案 | B7: B03-1 | C7: =VLOOKUP(B7,课程需求!$A$5:$H$28,2,FALSE) -> B03 | D7: =VLOOKUP(B7,课程需求!$A$5:$H$28,3,FALSE) -> T03 | E7: S01 | F7: R03 | G7: =VLOOKUP(B7,课程需求!$A$5:$H$28,5,FALSE) -> 28 | H7: =VLOOKUP(F7,教室!$A$5:$F$10,3,FALSE) -> 50 | I7: =VLOOKUP(B7,课程需求!$A$5:$H$28,6,FALSE) -> 投影 | J7: =VLOOKUP(F7,教室!$A$5:$F$10,4,FALSE) -> 投影|电脑 | K7: =IF(COUNTIFS($D$5:$D$28,D7,$E$5:$E$28,E7)>1,1,0) -> 0 | L7: =IF(COUNTIFS($C$5:$C$28,C7,$E$5:$E$28,E7)>1,1,0) -> 0 | M7: =IF(COUNTIFS($F$5:$F$28,F7,$E$5:$E$28,E7)>1,1,0) -> 0 | N7: =IF(ISNUMBER(SEARCH("|"&E7&"|","|"&VLOOKUP(D7,教师!$A$5:$G$10,5,FALSE)&"|")),1,0) -> 0 | O7: =IF(ISNUMBER(SEARCH("|"&E7&"|","|"&VLOOKUP(F7,教室!$A$5:$F$10,5,FALSE)&"|")),0,1) -> 0 | P7: =IF(G7>H7,1,0) -> 0 | Q7: =IF(ISNUMBER(SEARCH(I7,J7)),0,1) -> 0 | R7: =IF(SUM(K7:Q7)>0,1,0) -> 0 | S7: =IF(ISNUMBER(SEARCH("|"&E7&"|","|"&VLOOKUP(D7,教师!$A$5:$G$10,6,FALSE)&"|")),1,0) -> 1 | T7: =IF(COUNTIFS($E$5:E7,E7,$F$5:F7,F7)=1,1,0) -> 1 | U7: 模拟排程
A8: 优化方案 | B8: B04-1 | C8: =VLOOKUP(B8,课程需求!$A$5:$H$28,2,FALSE) -> B04 | D8: =VLOOKUP(B8,课程需求!$A$5:$H$28,3,FALSE) -> T04 | E8: S02 | F8: R01 | G8: =VLOOKUP(B8,课程需求!$A$5:$H$28,5,FALSE) -> 32 | H8: =VLOOKUP(F8,教室!$A$5:$F$10,3,FALSE) -> 40 | I8: =VLOOKUP(B8,课程需求!$A$5:$H$28,6,FALSE) -> 投影 | J8: =VLOOKUP(F8,教室!$A$5:$F$10,4,FALSE) -> 投影 | K8: =IF(COUNTIFS($D$5:$D$28,D8,$E$5:$E$28,E8)>1,1,0) -> 0 | L8: =IF(COUNTIFS($C$5:$C$28,C8,$E$5:$E$28,E8)>1,1,0) -> 0 | M8: =IF(COUNTIFS($F$5:$F$28,F8,$E$5:$E$28,E8)>1,1,0) -> 0 | N8: =IF(ISNUMBER(SEARCH("|"&E8&"|","|"&VLOOKUP(D8,教师!$A$5:$G$10,5,FALSE)&"|")),1,0) -> 0 | O8: =IF(ISNUMBER(SEARCH("|"&E8&"|","|"&VLOOKUP(F8,教室!$A$5:$F$10,5,FALSE)&"|")),0,1) -> 0 | P8: =IF(G8>H8,1,0) -> 0 | Q8: =IF(ISNUMBER(SEARCH(I8,J8)),0,1) -> 0 | R8: =IF(SUM(K8:Q8)>0,1,0) -> 0 | S8: =IF(ISNUMBER(SEARCH("|"&E8&"|","|"&VLOOKUP(D8,教师!$A$5:$G$10,6,FALSE)&"|")),1,0) -> 1 | T8: =IF(COUNTIFS($E$5:E8,E8,$F$5:F8,F8)=1,1,0) -> 1 | U8: 模拟排程
A9: 优化方案 | B9: B05-1 | C9: =VLOOKUP(B9,课程需求!$A$5:$H$28,2,FALSE) -> B05 | D9: =VLOOKUP(B9,课程需求!$A$5:$H$28,3,FALSE) -> T05 | E9: S02 | F9: R02 | G9: =VLOOKUP(B9,课程需求!$A$5:$H$28,5,FALSE) -> 40 | H9: =VLOOKUP(F9,教室!$A$5:$F$10,3,FALSE) -> 40 | I9: =VLOOKUP(B9,课程需求!$A$5:$H$28,6,FALSE) -> 投影 | J9: =VLOOKUP(F9,教室!$A$5:$F$10,4,FALSE) -> 投影 | K9: =IF(COUNTIFS($D$5:$D$28,D9,$E$5:$E$28,E9)>1,1,0) -> 0 | L9: =IF(COUNTIFS($C$5:$C$28,C9,$E$5:$E$28,E9)>1,1,0) -> 0 | M9: =IF(COUNTIFS($F$5:$F$28,F9,$E$5:$E$28,E9)>1,1,0) -> 0 | N9: =IF(ISNUMBER(SEARCH("|"&E9&"|","|"&VLOOKUP(D9,教师!$A$5:$G$10,5,FALSE)&"|")),1,0) -> 0 | O9: =IF(ISNUMBER(SEARCH("|"&E9&"|","|"&VLOOKUP(F9,教室!$A$5:$F$10,5,FALSE)&"|")),0,1) -> 0 | P9: =IF(G9>H9,1,0) -> 0 | Q9: =IF(ISNUMBER(SEARCH(I9,J9)),0,1) -> 0 | R9: =IF(SUM(K9:Q9)>0,1,0) -> 0 | S9: =IF(ISNUMBER(SEARCH("|"&E9&"|","|"&VLOOKUP(D9,教师!$A$5:$G$10,6,FALSE)&"|")),1,0) -> 1 | T9: =IF(COUNTIFS($E$5:E9,E9,$F$5:F9,F9)=1,1,0) -> 1 | U9: 模拟排程
A10: 优化方案 | B10: B06-1 | C10: =VLOOKUP(B10,课程需求!$A$5:$H$28,2,FALSE) -> B06 | D10: =VLOOKUP(B10,课程需求!$A$5:$H$28,3,FALSE) -> T06 | E10: S02 | F10: R03 | G10: =VLOOKUP(B10,课程需求!$A$5:$H$28,5,FALSE) -> 48 | H10: =VLOOKUP(F10,教室!$A$5:$F$10,3,FALSE) -> 50 | I10: =VLOOKUP(B10,课程需求!$A$5:$H$28,6,FALSE) -> 电脑 | J10: =VLOOKUP(F10,教室!$A$5:$F$10,4,FALSE) -> 投影|电脑 | K10: =IF(COUNTIFS($D$5:$D$28,D10,$E$5:$E$28,E10)>1,1,0) -> 0 | L10: =IF(COUNTIFS($C$5:$C$28,C10,$E$5:$E$28,E10)>1,1,0) -> 0 | M10: =IF(COUNTIFS($F$5:$F$28,F10,$E$5:$E$28,E10)>1,1,0) -> 0 | N10: =IF(ISNUMBER(SEARCH("|"&E10&"|","|"&VLOOKUP(D10,教师!$A$5:$G$10,5,FALSE)&"|")),1,0) -> 0 | O10: =IF(ISNUMBER(SEARCH("|"&E10&"|","|"&VLOOKUP(F10,教室!$A$5:$F$10,5,FALSE)&"|")),0,1) -> 0 | P10: =IF(G10>H10,1,0) -> 0 | Q10: =IF(ISNUMBER(SEARCH(I10,J10)),0,1) -> 0 | R10: =IF(SUM(K10:Q10)>0,1,0) -> 0 | S10: =IF(ISNUMBER(SEARCH("|"&E10&"|","|"&VLOOKUP(D10,教师!$A$5:$G$10,6,FALSE)&"|")),1,0) -> 1 | T10: =IF(COUNTIFS($E$5:E10,E10,$F$5:F10,F10)=1,1,0) -> 1 | U10: 模拟排程
A11: 优化方案 | B11: B07-1 | C11: =VLOOKUP(B11,课程需求!$A$5:$H$28,2,FALSE) -> B07 | D11: =VLOOKUP(B11,课程需求!$A$5:$H$28,3,FALSE) -> T01 | E11: S03 | F11: R01 | G11: =VLOOKUP(B11,课程需求!$A$5:$H$28,5,FALSE) -> 20 | H11: =VLOOKUP(F11,教室!$A$5:$F$10,3,FALSE) -> 40 | I11: =VLOOKUP(B11,课程需求!$A$5:$H$28,6,FALSE) -> 投影 | J11: =VLOOKUP(F11,教室!$A$5:$F$10,4,FALSE) -> 投影 | K11: =IF(COUNTIFS($D$5:$D$28,D11,$E$5:$E$28,E11)>1,1,0) -> 0 | L11: =IF(COUNTIFS($C$5:$C$28,C11,$E$5:$E$28,E11)>1,1,0) -> 0 | M11: =IF(COUNTIFS($F$5:$F$28,F11,$E$5:$E$28,E11)>1,1,0) -> 0 | N11: =IF(ISNUMBER(SEARCH("|"&E11&"|","|"&VLOOKUP(D11,教师!$A$5:$G$10,5,FALSE)&"|")),1,0) -> 0 | O11: =IF(ISNUMBER(SEARCH("|"&E11&"|","|"&VLOOKUP(F11,教室!$A$5:$F$10,5,FALSE)&"|")),0,1) -> 0 | P11: =IF(G11>H11,1,0) -> 0 | Q11: =IF(ISNUMBER(SEARCH(I11,J11)),0,1) -> 0 | R11: =IF(SUM(K11:Q11)>0,1,0) -> 0 | S11: =IF(ISNUMBER(SEARCH("|"&E11&"|","|"&VLOOKUP(D11,教师!$A$5:$G$10,6,FALSE)&"|")),1,0) -> 1 | T11: =IF(COUNTIFS($E$5:E11,E11,$F$5:F11,F11)=1,1,0) -> 1 | U11: 模拟排程
A12: 优化方案 | B12: B08-1 | C12: =VLOOKUP(B12,课程需求!$A$5:$H$28,2,FALSE) -> B08 | D12: =VLOOKUP(B12,课程需求!$A$5:$H$28,3,FALSE) -> T02 | E12: S03 | F12: R02 | G12: =VLOOKUP(B12,课程需求!$A$5:$H$28,5,FALSE) -> 26 | H12: =VLOOKUP(F12,教室!$A$5:$F$10,3,FALSE) -> 40 | I12: =VLOOKUP(B12,课程需求!$A$5:$H$28,6,FALSE) -> 投影 | J12: =VLOOKUP(F12,教室!$A$5:$F$10,4,FALSE) -> 投影 | K12: =IF(COUNTIFS($D$5:$D$28,D12,$E$5:$E$28,E12)>1,1,0) -> 0 | L12: =IF(COUNTIFS($C$5:$C$28,C12,$E$5:$E$28,E12)>1,1,0) -> 0 | M12: =IF(COUNTIFS($F$5:$F$28,F12,$E$5:$E$28,E12)>1,1,0) -> 0 | N12: =IF(ISNUMBER(SEARCH("|"&E12&"|","|"&VLOOKUP(D12,教师!$A$5:$G$10,5,FALSE)&"|")),1,0) -> 0 | O12: =IF(ISNUMBER(SEARCH("|"&E12&"|","|"&VLOOKUP(F12,教室!$A$5:$F$10,5,FALSE)&"|")),0,1) -> 0 | P12: =IF(G12>H12,1,0) -> 0 | Q12: =IF(ISNUMBER(SEARCH(I12,J12)),0,1) -> 0 | R12: =IF(SUM(K12:Q12)>0,1,0) -> 0 | S12: =IF(ISNUMBER(SEARCH("|"&E12&"|","|"&VLOOKUP(D12,教师!$A$5:$G$10,6,FALSE)&"|")),1,0) -> 1 | T12: =IF(COUNTIFS($E$5:E12,E12,$F$5:F12,F12)=1,1,0) -> 1 | U12: 模拟排程
A13: 优化方案 | B13: B09-1 | C13: =VLOOKUP(B13,课程需求!$A$5:$H$28,2,FALSE) -> B09 | D13: =VLOOKUP(B13,课程需求!$A$5:$H$28,3,FALSE) -> T03 | E13: S03 | F13: R03 | G13: =VLOOKUP(B13,课程需求!$A$5:$H$28,5,FALSE) -> 36 | H13: =VLOOKUP(F13,教室!$A$5:$F$10,3,FALSE) -> 50 | I13: =VLOOKUP(B13,课程需求!$A$5:$H$28,6,FALSE) -> 投影 | J13: =VLOOKUP(F13,教室!$A$5:$F$10,4,FALSE) -> 投影|电脑 | K13: =IF(COUNTIFS($D$5:$D$28,D13,$E$5:$E$28,E13)>1,1,0) -> 0 | L13: =IF(COUNTIFS($C$5:$C$28,C13,$E$5:$E$28,E13)>1,1,0) -> 0 | M13: =IF(COUNTIFS($F$5:$F$28,F13,$E$5:$E$28,E13)>1,1,0) -> 0 | N13: =IF(ISNUMBER(SEARCH("|"&E13&"|","|"&VLOOKUP(D13,教师!$A$5:$G$10,5,FALSE)&"|")),1,0) -> 0 | O13: =IF(ISNUMBER(SEARCH("|"&E13&"|","|"&VLOOKUP(F13,教室!$A$5:$F$10,5,FALSE)&"|")),0,1) -> 0 | P13: =IF(G13>H13,1,0) -> 0 | Q13: =IF(ISNUMBER(SEARCH(I13,J13)),0,1) -> 0 | R13: =IF(SUM(K13:Q13)>0,1,0) -> 0 | S13: =IF(ISNUMBER(SEARCH("|"&E13&"|","|"&VLOOKUP(D13,教师!$A$5:$G$10,6,FALSE)&"|")),1,0) -> 0 | T13: =IF(COUNTIFS($E$5:E13,E13,$F$5:F13,F13)=1,1,0) -> 1 | U13: 模拟排程
A14: 优化方案 | B14: B10-1 | C14: =VLOOKUP(B14,课程需求!$A$5:$H$28,2,FALSE) -> B10 | D14: =VLOOKUP(B14,课程需求!$A$5:$H$28,3,FALSE) -> T04 | E14: S04 | F14: R01 | G14: =VLOOKUP(B14,课程需求!$A$5:$H$28,5,FALSE) -> 16 | H14: =VLOOKUP(F14,教室!$A$5:$F$10,3,FALSE) -> 40 | I14: =VLOOKUP(B14,课程需求!$A$5:$H$28,6,FALSE) -> 投影 | J14: =VLOOKUP(F14,教室!$A$5:$F$10,4,FALSE) -> 投影 | K14: =IF(COUNTIFS($D$5:$D$28,D14,$E$5:$E$28,E14)>1,1,0) -> 0 | L14: =IF(COUNTIFS($C$5:$C$28,C14,$E$5:$E$28,E14)>1,1,0) -> 0 | M14: =IF(COUNTIFS($F$5:$F$28,F14,$E$5:$E$28,E14)>1,1,0) -> 0 | N14: =IF(ISNUMBER(SEARCH("|"&E14&"|","|"&VLOOKUP(D14,教师!$A$5:$G$10,5,FALSE)&"|")),1,0) -> 0 | O14: =IF(ISNUMBER(SEARCH("|"&E14&"|","|"&VLOOKUP(F14,教室!$A$5:$F$10,5,FALSE)&"|")),0,1) -> 0 | P14: =IF(G14>H14,1,0) -> 0 | Q14: =IF(ISNUMBER(SEARCH(I14,J14)),0,1) -> 0 | R14: =IF(SUM(K14:Q14)>0,1,0) -> 0 | S14: =IF(ISNUMBER(SEARCH("|"&E14&"|","|"&VLOOKUP(D14,教师!$A$5:$G$10,6,FALSE)&"|")),1,0) -> 1 | T14: =IF(COUNTIFS($E$5:E14,E14,$F$5:F14,F14)=1,1,0) -> 1 | U14: 模拟排程
A15: 优化方案 | B15: B11-1 | C15: =VLOOKUP(B15,课程需求!$A$5:$H$28,2,FALSE) -> B11 | D15: =VLOOKUP(B15,课程需求!$A$5:$H$28,3,FALSE) -> T05 | E15: S04 | F15: R02 | G15: =VLOOKUP(B15,课程需求!$A$5:$H$28,5,FALSE) -> 24 | H15: =VLOOKUP(F15,教室!$A$5:$F$10,3,FALSE) -> 40 | I15: =VLOOKUP(B15,课程需求!$A$5:$H$28,6,FALSE) -> 投影 | J15: =VLOOKUP(F15,教室!$A$5:$F$10,4,FALSE) -> 投影 | K15: =IF(COUNTIFS($D$5:$D$28,D15,$E$5:$E$28,E15)>1,1,0) -> 0 | L15: =IF(COUNTIFS($C$5:$C$28,C15,$E$5:$E$28,E15)>1,1,0) -> 0 | M15: =IF(COUNTIFS($F$5:$F$28,F15,$E$5:$E$28,E15)>1,1,0) -> 0 | N15: =IF(ISNUMBER(SEARCH("|"&E15&"|","|"&VLOOKUP(D15,教师!$A$5:$G$10,5,FALSE)&"|")),1,0) -> 0 | O15: =IF(ISNUMBER(SEARCH("|"&E15&"|","|"&VLOOKUP(F15,教室!$A$5:$F$10,5,FALSE)&"|")),0,1) -> 0 | P15: =IF(G15>H15,1,0) -> 0 | Q15: =IF(ISNUMBER(SEARCH(I15,J15)),0,1) -> 0 | R15: =IF(SUM(K15:Q15)>0,1,0) -> 0 | S15: =IF(ISNUMBER(SEARCH("|"&E15&"|","|"&VLOOKUP(D15,教师!$A$5:$G$10,6,FALSE)&"|")),1,0) -> 1 | T15: =IF(COUNTIFS($E$5:E15,E15,$F$5:F15,F15)=1,1,0) -> 1 | U15: 模拟排程
A16: 优化方案 | B16: B12-1 | C16: =VLOOKUP(B16,课程需求!$A$5:$H$28,2,FALSE) -> B12 | D16: =VLOOKUP(B16,课程需求!$A$5:$H$28,3,FALSE) -> T06 | E16: S04 | F16: R03 | G16: =VLOOKUP(B16,课程需求!$A$5:$H$28,5,FALSE) -> 30 | H16: =VLOOKUP(F16,教室!$A$5:$F$10,3,FALSE) -> 50 | I16: =VLOOKUP(B16,课程需求!$A$5:$H$28,6,FALSE) -> 电脑 | J16: =VLOOKUP(F16,教室!$A$5:$F$10,4,FALSE) -> 投影|电脑 | K16: =IF(COUNTIFS($D$5:$D$28,D16,$E$5:$E$28,E16)>1,1,0) -> 0 | L16: =IF(COUNTIFS($C$5:$C$28,C16,$E$5:$E$28,E16)>1,1,0) -> 0 | M16: =IF(COUNTIFS($F$5:$F$28,F16,$E$5:$E$28,E16)>1,1,0) -> 0 | N16: =IF(ISNUMBER(SEARCH("|"&E16&"|","|"&VLOOKUP(D16,教师!$A$5:$G$10,5,FALSE)&"|")),1,0) -> 0 | O16: =IF(ISNUMBER(SEARCH("|"&E16&"|","|"&VLOOKUP(F16,教室!$A$5:$F$10,5,FALSE)&"|")),0,1) -> 0 | P16: =IF(G16>H16,1,0) -> 0 | Q16: =IF(ISNUMBER(SEARCH(I16,J16)),0,1) -> 0 | R16: =IF(SUM(K16:Q16)>0,1,0) -> 0 | S16: =IF(ISNUMBER(SEARCH("|"&E16&"|","|"&VLOOKUP(D16,教师!$A$5:$G$10,6,FALSE)&"|")),1,0) -> 1 | T16: =IF(COUNTIFS($E$5:E16,E16,$F$5:F16,F16)=1,1,0) -> 1 | U16: 模拟排程
... A28: 优化方案 | B28: B12-2 | C28: =VLOOKUP(B28,课程需求!$A$5:$H$28,2,FALSE) -> B12 | D28: =VLOOKUP(B28,课程需求!$A$5:$H$28,3,FALSE) -> T06 | E28: S08 | F28: R03 | G28: =VLOOKUP(B28,课程需求!$A$5:$H$28,5,FALSE) -> 30 | H28: =VLOOKUP(F28,教室!$A$5:$F$10,3,FALSE) -> 50 | I28: =VLOOKUP(B28,课程需求!$A$5:$H$28,6,FALSE) -> 电脑 | J28: =VLOOKUP(F28,教室!$A$5:$F$10,4,FALSE) -> 投影|电脑 | K28: =IF(COUNTIFS($D$5:$D$28,D28,$E$5:$E$28,E28)>1,1,0) -> 0 | L28: =IF(COUNTIFS($C$5:$C$28,C28,$E$5:$E$28,E28)>1,1,0) -> 0 | M28: =IF(COUNTIFS($F$5:$F$28,F28,$E$5:$E$28,E28)>1,1,0) -> 0 | N28: =IF(ISNUMBER(SEARCH("|"&E28&"|","|"&VLOOKUP(D28,教师!$A$5:$G$10,5,FALSE)&"|")),1,0) -> 0 | O28: =IF(ISNUMBER(SEARCH("|"&E28&"|","|"&VLOOKUP(F28,教室!$A$5:$F$10,5,FALSE)&"|")),0,1) -> 0 | P28: =IF(G28>H28,1,0) -> 0 | Q28: =IF(ISNUMBER(SEARCH(I28,J28)),0,1) -> 0 | R28: =IF(SUM(K28:Q28)>0,1,0) -> 0 | S28: =IF(ISNUMBER(SEARCH("|"&E28&"|","|"&VLOOKUP(D28,教师!$A$5:$G$10,6,FALSE)&"|")),1,0) -> 1 | T28: =IF(COUNTIFS($E$5:E28,E28,$F$5:F28,F28)=1,1,0) -> 1 | U28: 模拟排程

Sheet 调课事件
A1: 增量调课事件样本 | B1: 增量调课事件样本 | C1: 增量调课事件样本 | D1: 增量调课事件样本 | E1: 增量调课事件样本 | F1: 增量调课事件样本 | G1: 增量调课事件样本 | H1: 增量调课事件样本 | I1: 增量调课事件样本 | J1: 增量调课事件样本
A2: 系统记录候选方案、确认人、课表版本、通知状态和回滚点。 | B2: 系统记录候选方案、确认人、课表版本、通知状态和回滚点。 | C2: 系统记录候选方案、确认人、课表版本、通知状态和回滚点。 | D2: 系统记录候选方案、确认人、课表版本、通知状态和回滚点。 | E2: 系统记录候选方案、确认人、课表版本、通知状态和回滚点。 | F2: 系统记录候选方案、确认人、课表版本、通知状态和回滚点。 | G2: 系统记录候选方案、确认人、课表版本、通知状态和回滚点。 | H2: 系统记录候选方案、确认人、课表版本、通知状态和回滚点。 | I2: 系统记录候选方案、确认人、课表版本、通知状态和回滚点。 | J2: 系统记录候选方案、确认人、课表版本、通知状态和回滚点。
A4: 事件ID | B4: 事件类型 | C4: 事件描述 | D4: 受影响场次 | E4: 原时段 | F4: 建议时段 | G4: 原教室 | H4: 建议教室 | I4: 预计变更场次 | J4: 状态
A5: E01 | B5: 教师请假 | C5: 教师丙周三晚间临时请假 | D5: B09-2 | E5: S05 | F5: S09 | G5: R03 | H5: R01 | I5: 1 | J5: 候选方案
A6: E02 | B6: 教室停用 | C6: 小班教室2临时检修 | D6: B11-1 | E6: S04 | F6: S04 | G6: R02 | H6: R04 | I6: 1 | J6: 候选方案
A7: E03 | B7: 新增偏好 | C7: 教师甲希望周四避免晚间1 | D7: B07-2 | E7: S07 | F7: S09 | G7: R02 | H7: R02 | I7: 1 | J7: 候选方案

Sheet 指标口径
A1: 指标口径与验证计划 | B1: 指标口径与验证计划 | C1: 指标口径与验证计划 | D1: 指标口径与验证计划 | E1: 指标口径与验证计划 | F1: 指标口径与验证计划 | G1: 指标口径与验证计划 | H1: 指标口径与验证计划
A2: 先锁定公式，再做试点；“目标”列均为计划值，只有日志与抽检完成后才能改写为成果。 | B2: 先锁定公式，再做试点；“目标”列均为计划值，只有日志与抽检完成后才能改写为成果。 | C2: 先锁定公式，再做试点；“目标”列均为计划值，只有日志与抽检完成后才能改写为成果。 | D2: 先锁定公式，再做试点；“目标”列均为计划值，只有日志与抽检完成后才能改写为成果。 | E2: 先锁定公式，再做试点；“目标”列均为计划值，只有日志与抽检完成后才能改写为成果。 | F2: 先锁定公式，再做试点；“目标”列均为计划值，只有日志与抽检完成后才能改写为成果。 | G2: 先锁定公式，再做试点；“目标”列均为计划值，只有日志与抽检完成后才能改写为成果。 | H2: 先锁定公式，再做试点；“目标”列均为计划值，只有日志与抽检完成后才能改写为成果。
A4: 指标 | B4: 定义 | C4: 分子 | D4: 分母 | E4: 试点目标 | F4: 数据来源 | G4: 验证频率 | H4: 责任人
A5: 房间时段占用率 | B5: 唯一已排课房间时段/可用房间时段 | C5: 唯一（教室ID，时段ID）组合数 | D5: 开放教室×开放时段 | E5: >=40%，并结合班型与房型结构说明 | F5: 课表+教室+时段 | G5: 每次排课 | H5: 刘禹萱
A6: 座位利用率 | B6: 学生人次/已分配教室座位数 | C6: 每场学生数合计 | D6: 每场教室容量合计 | E6: >=65% | F6: 班级+课表+教室 | G6: 每次排课 | H6: 刘禹萱
A7: 硬冲突记录数 | B7: 违反教师、班级、教室不重叠及教师/教室可用性、容量、设备硬约束的记录数 | C7: 冲突标记求和 | D7: 不适用 | E7: 0 | F7: 自动校验日志 | G7: 每次求解 | H7: 刘禹萱
A8: 偏好满足率 | B8: 满足已确认软偏好的场次占比 | C8: 偏好满足场次 | D8: 全部场次 | E8: >=85% | F8: 规则+课表 | G8: 每次求解 | H8: 刘禹萱
A9: 首次排课耗时 | B9: 从有效输入冻结到候选课表生成 | C9: 结束时间-开始时间 | D9: 不适用 | E9: <=15分钟 | F9: 系统日志 | G9: 每次求解 | H9: 刘禹萱
A10: 调课建议耗时 | B10: 事件确认到建议方案生成 | C10: 结束时间-开始时间 | D10: 不适用 | E10: <=5分钟 | F10: 事件日志 | G10: 每次事件 | H10: 刘禹萱
A11: 课表版本留痕率 | B11: 完整保存规则、数据版本、求解参数与结果的课表占比 | C11: 完整留痕版本数 | D11: 全部正式版本 | E11: 100% | F11: 版本日志 | G11: 每周 | H11: 刘禹萱

Sheet 参考来源
A1: 工作簿内置参考来源 | B1: 工作簿内置参考来源 | C1: 工作簿内置参考来源 | D1: 工作簿内置参考来源 | E1: 工作簿内置参考来源 | F1: 工作簿内置参考来源 | G1: 工作簿内置参考来源
A2: 仅列本样本直接使用的口径与方法来源；完整注释书目见团队补充材料总册。 | B2: 仅列本样本直接使用的口径与方法来源；完整注释书目见团队补充材料总册。 | C2: 仅列本样本直接使用的口径与方法来源；完整注释书目见团队补充材料总册。 | D2: 仅列本样本直接使用的口径与方法来源；完整注释书目见团队补充材料总册。 | E2: 仅列本样本直接使用的口径与方法来源；完整注释书目见团队补充材料总册。 | F2: 仅列本样本直接使用的口径与方法来源；完整注释书目见团队补充材料总册。 | G2: 仅列本样本直接使用的口径与方法来源；完整注释书目见团队补充材料总册。
A4: 编号 | B4: 主题 | C4: 来源 | D4: 标题 | E4: URL | F4: 访问日期 | G4: 用途
A5: S01 | B5: 赛制 | C5: 飞书/赛事组委会 | D5: 2026 AI 先锋未来人才大赛详细赛制规则 | E5: https://bytedance.larkoffice.com/wiki/EwPtwUn5ciw0UlkF7dDcndyAn1n | F5: 2026-07-17 | G5: 参赛与飞书AI要求
A6: S02 | B6: 约束求解 | C6: Google for Developers | D6: Constraint Optimization / CP-SAT | E6: https://developers.google.com/optimization/cp | F6: 2026-07-17 | G6: 确定性约束求解依据
A7: S03 | B7: 排程示例 | C7: Google for Developers | D7: Employee Scheduling | E7: https://developers.google.com/optimization/scheduling/employee_scheduling | F7: 2026-07-17 | G7: 不重叠与偏好目标示例
A8: S04 | B8: 开源实现 | C8: Google OR-Tools | D8: OR-Tools GitHub repository | E8: https://github.com/google/or-tools | F8: 2026-07-17 | G8: 算法工程实现
A9: S05 | B9: 隐私 | C9: 全国人大 | D9: 中华人民共和国个人信息保护法 | E9: https://www.gov.cn/xinwen/2021-08/20/content_5632486.htm | F9: 2026-07-17 | G9: 数据最小化与授权原则
